<metadata xml:lang="es"><Esri><CreaDate>20231009</CreaDate><CreaTime>19155500</CreaTime><ArcGISFormat>1.0</ArcGISFormat><SyncOnce>FALSE</SyncOnce><DataProperties><itemProps><itemName Sync="TRUE">road_merge_simplify_1</itemName><imsContentType Sync="TRUE">002</imsContentType><itemLocation><linkage Sync="TRUE">file://\\D45971\C$\Users\au701316\OneDrive - Aarhus Universitet\Documents\GIS data\Article2_analyses\road_data\road_merge_simplify\road_merge_simplify_1.shp</linkage><protocol Sync="TRUE">Local Area Network</protocol></itemLocation><itemSize Sync="TRUE">0.000</itemSize></itemProps><coordRef><type Sync="TRUE">Projected</type><geogcsn Sync="TRUE">GCS_WGS_1984</geogcsn><csUnits Sync="TRUE">Linear Unit: Meter (1.000000)</csUnits><peXml Sync="TRUE">&lt;ProjectedCoordinateSystem xsi:type='typens:ProjectedCoordinateSystem' xmlns:xsi='http://www.w3.org/2001/XMLSchema-instance' xmlns:xs='http://www.w3.org/2001/XMLSchema' xmlns:typens='http://www.esri.com/schemas/ArcGIS/3.1.0'&gt;&lt;WKT&gt;PROJCS[&amp;quot;WGS_1984_World_Mercator&amp;quot;,GEOGCS[&amp;quot;GCS_WGS_1984&amp;quot;,DATUM[&amp;quot;D_WGS_1984&amp;quot;,SPHEROID[&amp;quot;WGS_1984&amp;quot;,6378137.0,298.257223563]],PRIMEM[&amp;quot;Greenwich&amp;quot;,0.0],UNIT[&amp;quot;Degree&amp;quot;,0.0174532925199433]],PROJECTION[&amp;quot;Mercator&amp;quot;],PARAMETER[&amp;quot;False_Easting&amp;quot;,0.0],PARAMETER[&amp;quot;False_Northing&amp;quot;,0.0],PARAMETER[&amp;quot;Central_Meridian&amp;quot;,0.0],PARAMETER[&amp;quot;Standard_Parallel_1&amp;quot;,0.0],UNIT[&amp;quot;Meter&amp;quot;,1.0],AUTHORITY[&amp;quot;EPSG&amp;quot;,3395]]&lt;/WKT&gt;&lt;XOrigin&gt;-20037700&lt;/XOrigin&gt;&lt;YOrigin&gt;-30198300&lt;/YOrigin&gt;&lt;XYScale&gt;149134210.44795552&lt;/XYScale&gt;&lt;ZOrigin&gt;-100000&lt;/ZOrigin&gt;&lt;ZScale&gt;10000&lt;/ZScale&gt;&lt;MOrigin&gt;-100000&lt;/MOrigin&gt;&lt;MScale&gt;10000&lt;/MScale&gt;&lt;XYTolerance&gt;0.001&lt;/XYTolerance&gt;&lt;ZTolerance&gt;0.001&lt;/ZTolerance&gt;&lt;MTolerance&gt;0.001&lt;/MTolerance&gt;&lt;HighPrecision&gt;true&lt;/HighPrecision&gt;&lt;WKID&gt;3395&lt;/WKID&gt;&lt;LatestWKID&gt;3395&lt;/LatestWKID&gt;&lt;/ProjectedCoordinateSystem&gt;</peXml><projcsn Sync="TRUE">WGS_1984_World_Mercator</projcsn></coordRef><lineage><Process ToolSource="c:\program files (x86)\arcgis\desktop10.7\ArcToolbox\Toolboxes\Data Management Tools.tbx\Merge" Date="20201120" Time="135343">Merge 'Gallia\Vias pre-GeoJson\AixenProvence-Marseille';'Gallia\Vias pre-GeoJson\Arles-Ugernum';'Gallia\Vias pre-GeoJson\Marseille-Entressen';'Gallia\Vias pre-GeoJson\Marseille-ViaAurelia';'Gallia\Vias pre-GeoJson\Arelate-Fos2';'Gallia\Vias pre-GeoJson\Fos-Marseille';'Gallia\Vias pre-GeoJson\Entressen-AixenProvence';'Gallia\Vias pre-GeoJson\Entressen2';'Gallia\Vias pre-GeoJson\Entressen';'Gallia\Vias pre-GeoJson\Arles-Fos';'Gallia\Vias pre-GeoJson\Arles-Beauduc';'Gallia\Vias pre-GeoJson\Tarascon-AixenProvence';'Gallia\Vias pre-GeoJson\Arelate-Brigantium';'Gallia\Vias pre-GeoJson\Vienna-Birigantione';'Gallia\Vias pre-GeoJson\Arelate-Valentia';Viatore_Gallia;'Gallia\Vias GeoJSON\IuliaLibicaRuscino_Pro';'Gallia\Vias GeoJSON\PyreneesRuscino_P';'Gallia\Vias GeoJSON\Tet-Pyrenees';'Gallia\Vias GeoJSON\Colliure-Banyuls';'Gallia\Vias GeoJSON\Ruscino-SPyrenaeum';'Gallia\Vias GeoJSON\Narbo-SummumP';'Gallia\Vias GeoJSON\Fdomitii-Narbo';'Gallia\Vias GeoJSON\Nemausus-ForumDomitii';'Gallia\Vias GeoJSON\Ugernum-Nemausus';'Gallia\Vias GeoJSON\Illiberris-Prades';'Gallia\Vias GeoJSON\Ruscino-Axat';'Gallia\Vias GeoJSON\Illiberris-Rhode';'Gallia\Vias GeoJSON\Vienna-Birigantione2';'Gallia\Vias GeoJSON\Vappinco-Birigantione';'Gallia\Vias GeoJSON\Valentia-Seleuco';'Gallia\Vias GeoJSON\Seleuco-Vappinco';'Gallia\Vias GeoJSON\Valentia-Vienna';'Gallia\Vias GeoJSON\Ugernum-Arelate2';'Gallia\Vias GeoJSON\Araura-Segodunum';'Gallia\Vias GeoJSON\Nemausus-Arelate1';'Gallia\Vias GeoJSON\Lugdunum-Elimberum';'Gallia\Vias GeoJSON\LugdunumC-Tolosa';'Gallia\Vias GeoJSON\LugdunumC-Pyrenees';'Gallia\Vias GeoJSON\LugdunumC-StBeat';'Gallia\Vias GeoJSON\Ruscino-Tarusco2';'Gallia\Vias GeoJSON\Iliberra-AdStabulum';'Gallia\Vias GeoJSON\Ruscino-Taruso';'Gallia\Vias GeoJSON\IuliaLibica_Carcaso';'Gallia\Vias GeoJSON\IuliaLibica-Tolosa';'Gallia\Vias GeoJSON\Vasatas-Burdigala';'Gallia\Vias GeoJSON\Tolosa-Burdigala';'Gallia\Vias GeoJSON\Carcasso-Touluse';'Gallia\Vias GeoJSON\Narbo-Carcaso';'Gallia\Vias GeoJSON\Tolosa-Serio';'Gallia\Vias GeoJSON\Lugdunum-Benearnum';'Gallia\Vias GeoJSON\Benearnum-Pyrenees';'Gallia\Vias GeoJSON\Benearnum-AquaeTerebellicae';'Gallia\Vias GeoJSON\AquaeTerebellicae-Pyreneus';'Gallia\Vias GeoJSON\NovumOppidum-Tarba';'Gallia\Vias GeoJSON\Beneharnum-Pyrenees2';'Gallia\Vias GeoJSON\Fligneum-Pyrenees1';'Gallia\Vias GeoJSON\Lapurdum-Mosconnum';'Gallia\Vias GeoJSON\Lapurdum-Pyreneae';'Gallia\Vias GeoJSON\Fines-Scittio';'Gallia\Vias GeoJSON\AquaeTerebellicae-Mosconnum';'Gallia\Vias GeoJSON\AquaeTerebellicae-Bayonne';'Gallia\Vias GeoJSON\Cimberrum-Lactura';'Gallia\Vias GeoJSON\Burdigala-Mosconnum';'Gallia\Vias GeoJSON\Burdigala-AquaeTerebellicae';'Gallia\Vias GeoJSON\VicusIulii-Elusa';'Gallia\Vias GeoJSON\Cossium-Mosconnum';'Gallia\Vias GeoJSON\Carasa-VicusIulii' C:\Users\Pau\Documents\ArcGIS\Default.gdb\AixenProvenceMarseille_Merge1 "Id "Id" true true false 6 Long 0 6 ,First,#,Gallia\Vias pre-GeoJson\AixenProvence-Marseille,Id,-1,-1,Gallia\Vias pre-GeoJson\Arles-Ugernum,Id,-1,-1,Gallia\Vias pre-GeoJson\Marseille-Entressen,Id,-1,-1,Gallia\Vias pre-GeoJson\Marseille-ViaAurelia,Id,-1,-1,Gallia\Vias pre-GeoJson\Arelate-Fos2,Id,-1,-1,Gallia\Vias pre-GeoJson\Fos-Marseille,Id,-1,-1,Gallia\Vias pre-GeoJson\Entressen-AixenProvence,Id,-1,-1,Gallia\Vias pre-GeoJson\Entressen2,Id,-1,-1,Gallia\Vias pre-GeoJson\Entressen,Id,-1,-1,Gallia\Vias pre-GeoJson\Arles-Fos,Id,-1,-1,Gallia\Vias pre-GeoJson\Arles-Beauduc,Id,-1,-1,Gallia\Vias pre-GeoJson\Tarascon-AixenProvence,Id,-1,-1,Gallia\Vias pre-GeoJson\Arelate-Brigantium,Id,-1,-1,Gallia\Vias pre-GeoJson\Vienna-Birigantione,Id,-1,-1,Gallia\Vias pre-GeoJson\Arelate-Valentia,Id,-1,-1,Viatore_Gallia,Id,-1,-1,Gallia\Vias GeoJSON\IuliaLibicaRuscino_Pro,Id,-1,-1,Gallia\Vias GeoJSON\PyreneesRuscino_P,Id,-1,-1,Gallia\Vias GeoJSON\Tet-Pyrenees,Id,-1,-1,Gallia\Vias GeoJSON\Colliure-Banyuls,Id,-1,-1,Gallia\Vias GeoJSON\Ruscino-SPyrenaeum,Id,-1,-1,Gallia\Vias GeoJSON\Narbo-SummumP,Id,-1,-1,Gallia\Vias GeoJSON\Fdomitii-Narbo,Id,-1,-1,Gallia\Vias GeoJSON\Nemausus-ForumDomitii,Id,-1,-1,Gallia\Vias GeoJSON\Ugernum-Nemausus,Id,-1,-1,Gallia\Vias GeoJSON\Illiberris-Prades,Id,-1,-1,Gallia\Vias GeoJSON\Ruscino-Axat,Id,-1,-1,Gallia\Vias GeoJSON\Illiberris-Rhode,Id,-1,-1,Gallia\Vias GeoJSON\Vienna-Birigantione2,Id,-1,-1,Gallia\Vias GeoJSON\Vappinco-Birigantione,Id,-1,-1,Gallia\Vias GeoJSON\Valentia-Seleuco,Id,-1,-1,Gallia\Vias GeoJSON\Seleuco-Vappinco,Id,-1,-1,Gallia\Vias GeoJSON\Valentia-Vienna,Id,-1,-1,Gallia\Vias GeoJSON\Ugernum-Arelate2,Id,-1,-1,Gallia\Vias GeoJSON\Araura-Segodunum,Id,-1,-1,Gallia\Vias GeoJSON\Nemausus-Arelate1,Id,-1,-1,Gallia\Vias GeoJSON\Lugdunum-Elimberum,Id,-1,-1,Gallia\Vias GeoJSON\LugdunumC-Tolosa,Id,-1,-1,Gallia\Vias GeoJSON\LugdunumC-Pyrenees,Id,-1,-1,Gallia\Vias GeoJSON\LugdunumC-StBeat,Id,-1,-1,Gallia\Vias GeoJSON\Ruscino-Tarusco2,Id,-1,-1,Gallia\Vias GeoJSON\Iliberra-AdStabulum,Id,-1,-1,Gallia\Vias GeoJSON\Ruscino-Taruso,Id,-1,-1,Gallia\Vias GeoJSON\IuliaLibica_Carcaso,Id,-1,-1,Gallia\Vias GeoJSON\IuliaLibica-Tolosa,Id,-1,-1,Gallia\Vias GeoJSON\Vasatas-Burdigala,Id,-1,-1,Gallia\Vias GeoJSON\Tolosa-Burdigala,Id,-1,-1,Gallia\Vias GeoJSON\Carcasso-Touluse,Id,-1,-1,Gallia\Vias GeoJSON\Narbo-Carcaso,Id,-1,-1,Gallia\Vias GeoJSON\Tolosa-Serio,Id,-1,-1,Gallia\Vias GeoJSON\Lugdunum-Benearnum,Id,-1,-1,Gallia\Vias GeoJSON\Benearnum-Pyrenees,Id,-1,-1,Gallia\Vias GeoJSON\Benearnum-AquaeTerebellicae,Id,-1,-1,Gallia\Vias GeoJSON\AquaeTerebellicae-Pyreneus,Id,-1,-1,Gallia\Vias GeoJSON\NovumOppidum-Tarba,Id,-1,-1,Gallia\Vias GeoJSON\Beneharnum-Pyrenees2,Id,-1,-1,Gallia\Vias GeoJSON\Fligneum-Pyrenees1,Id,-1,-1,Gallia\Vias GeoJSON\Lapurdum-Mosconnum,Id,-1,-1,Gallia\Vias GeoJSON\Lapurdum-Pyreneae,Id,-1,-1,Gallia\Vias GeoJSON\Fines-Scittio,Id,-1,-1,Gallia\Vias GeoJSON\AquaeTerebellicae-Mosconnum,Id,-1,-1,Gallia\Vias GeoJSON\AquaeTerebellicae-Bayonne,Id,-1,-1,Gallia\Vias GeoJSON\Cimberrum-Lactura,Id,-1,-1,Gallia\Vias GeoJSON\Burdigala-Mosconnum,Id,-1,-1,Gallia\Vias GeoJSON\Burdigala-AquaeTerebellicae,Id,-1,-1,Gallia\Vias GeoJSON\VicusIulii-Elusa,Id,-1,-1,Gallia\Vias GeoJSON\Cossium-Mosconnum,Id,-1,-1,Gallia\Vias GeoJSON\Carasa-VicusIulii,Id,-1,-1;Name "Name" true true false 50 Text 0 0 ,First,#,Viatore_Gallia,Name,-1,-1;Route_Type "Route_Type" true true false 5 Long 0 5 ,First,#,Viatore_Gallia,Route_Type,-1,-1;Type "Type" true true false 50 Text 0 0 ,First,#,Gallia\Vias GeoJSON\IuliaLibicaRuscino_Pro,Type,-1,-1,Gallia\Vias GeoJSON\PyreneesRuscino_P,Type,-1,-1;Lower_Date "Lower_Date" true true false 19 Double 0 0 ,First,#,Viatore_Gallia,Lower_Date,-1,-1;Low_Date_E "Low_Date_E" true true false 5 Long 0 5 ,First,#,Viatore_Gallia,Low_Date_E,-1,-1;Upper_Date "Upper_Date" true true false 19 Double 0 0 ,First,#,Viatore_Gallia,Upper_Date,-1,-1;Up_Date_E "Up_Date_E" true true false 5 Long 0 5 ,First,#,Viatore_Gallia,Up_Date_E,-1,-1;GeoJson "GeoJson" true true false 50 Text 0 0 ,First,#,Viatore_Gallia,GeoJson,-1,-1;Descriptio "Descriptio" true true false 254 Text 0 0 ,First,#,Viatore_Gallia,Descriptio,-1,-1;Citation "Citation" true true false 254 Text 0 0 ,First,#,Viatore_Gallia,Citation,-1,-1;Bibliograp "Bibliograp" true true false 254 Text 0 0 ,First,#,Viatore_Gallia,Bibliograp,-1,-1"</Process><Process ToolSource="c:\program files\arcgis\pro\Resources\ArcToolbox\toolboxes\Conversion Tools.tbx\FeatureClassToFeatureClass" Date="20210910" Time="134033">FeatureClassToFeatureClass Gallia "C:\Users\au701316\OneDrive - Aarhus Universitet\Documents\GIS data\Road_files\southern_levant" southern_levant.shp # "OBJECTID "OBJECTID" true true false 10 Long 0 10,First,#,Gallia,OBJECTID,-1,-1;Id "Id" true true false 10 Long 0 10,First,#,Gallia,Id,-1,-1;Name "Name" true true false 50 Text 0 0,First,#,Gallia,Name,0,50;Route_Type "Route_Type" true true false 10 Long 0 10,First,#,Gallia,Route_Type,-1,-1;Type "Type" true true false 50 Text 0 0,First,#,Gallia,Type,0,50;Lower_Date "Lower_Date" true true false 19 Double 0 0,First,#,Gallia,Lower_Date,-1,-1;Low_Date_E "Low_Date_E" true true false 10 Long 0 10,First,#,Gallia,Low_Date_E,-1,-1;Upper_Date "Upper_Date" true true false 19 Double 0 0,First,#,Gallia,Upper_Date,-1,-1;Up_Date_E "Up_Date_E" true true false 10 Long 0 10,First,#,Gallia,Up_Date_E,-1,-1;GeoJson "GeoJson" true true false 50 Text 0 0,First,#,Gallia,GeoJson,0,50;Descriptio "Descriptio" true true false 254 Text 0 0,First,#,Gallia,Descriptio,0,254;Citation "Citation" true true false 254 Text 0 0,First,#,Gallia,Citation,0,254;Bibliograp "Bibliograp" true true false 254 Text 0 0,First,#,Gallia,Bibliograp,0,254;Shape_Leng "Shape_Leng" true true false 19 Double 0 0,First,#,Gallia,Shape_Leng,-1,-1" #</Process><Process ToolSource="c:\program files\arcgis\pro\Resources\ArcToolbox\Toolboxes\Data Management Tools.tbx\UpdateSchema" Date="20210920" Time="095609">UpdateSchema "CIMDATA=&lt;CIMStandardDataConnection xsi:type='typens:CIMStandardDataConnection' xmlns:xsi='http://www.w3.org/2001/XMLSchema-instance' xmlns:xs='http://www.w3.org/2001/XMLSchema' xmlns:typens='http://www.esri.com/schemas/ArcGIS/2.8.0'&gt;&lt;WorkspaceConnectionString&gt;DATABASE=C:\Users\au701316\OneDrive - Aarhus Universitet\Documents\GIS data\Road_files\southern_levant&lt;/WorkspaceConnectionString&gt;&lt;WorkspaceFactory&gt;Shapefile&lt;/WorkspaceFactory&gt;&lt;Dataset&gt;southern_levant.shp&lt;/Dataset&gt;&lt;DatasetType&gt;esriDTFeatureClass&lt;/DatasetType&gt;&lt;/CIMStandardDataConnection&gt;" &lt;operationSequence&gt;&lt;workflow&gt;&lt;AddField&gt;&lt;field_name&gt;Cons_per_e&lt;/field_name&gt;&lt;field_type&gt;TEXT&lt;/field_type&gt;&lt;field_length&gt;254&lt;/field_length&gt;&lt;field_is_nullable&gt;False&lt;/field_is_nullable&gt;&lt;field_is_required&gt;False&lt;/field_is_required&gt;&lt;/AddField&gt;&lt;/workflow&gt;&lt;workflow&gt;&lt;AddField&gt;&lt;field_name&gt;Itinerary&lt;/field_name&gt;&lt;field_type&gt;TEXT&lt;/field_type&gt;&lt;field_length&gt;254&lt;/field_length&gt;&lt;field_is_nullable&gt;False&lt;/field_is_nullable&gt;&lt;field_is_required&gt;False&lt;/field_is_required&gt;&lt;/AddField&gt;&lt;/workflow&gt;&lt;workflow&gt;&lt;AddField&gt;&lt;field_name&gt;Named_road&lt;/field_name&gt;&lt;field_type&gt;TEXT&lt;/field_type&gt;&lt;field_length&gt;254&lt;/field_length&gt;&lt;field_is_nullable&gt;False&lt;/field_is_nullable&gt;&lt;field_is_required&gt;False&lt;/field_is_required&gt;&lt;/AddField&gt;&lt;/workflow&gt;&lt;workflow&gt;&lt;AddField&gt;&lt;field_name&gt;Segment_s&lt;/field_name&gt;&lt;field_type&gt;TEXT&lt;/field_type&gt;&lt;field_length&gt;254&lt;/field_length&gt;&lt;field_is_nullable&gt;False&lt;/field_is_nullable&gt;&lt;field_is_required&gt;False&lt;/field_is_required&gt;&lt;/AddField&gt;&lt;/workflow&gt;&lt;/operationSequence&gt;</Process><Process ToolSource="c:\program files\arcgis\pro\Resources\ArcToolbox\Toolboxes\Data Management Tools.tbx\UpdateSchema" Date="20210921" Time="103455">UpdateSchema "CIMDATA=&lt;CIMStandardDataConnection xsi:type='typens:CIMStandardDataConnection' xmlns:xsi='http://www.w3.org/2001/XMLSchema-instance' xmlns:xs='http://www.w3.org/2001/XMLSchema' xmlns:typens='http://www.esri.com/schemas/ArcGIS/2.8.0'&gt;&lt;WorkspaceConnectionString&gt;DATABASE=C:\Users\au701316\OneDrive - Aarhus Universitet\Documents\GIS data\Road_files\southern_levant&lt;/WorkspaceConnectionString&gt;&lt;WorkspaceFactory&gt;Shapefile&lt;/WorkspaceFactory&gt;&lt;Dataset&gt;southern_levant.shp&lt;/Dataset&gt;&lt;DatasetType&gt;esriDTFeatureClass&lt;/DatasetType&gt;&lt;/CIMStandardDataConnection&gt;" &lt;operationSequence&gt;&lt;workflow&gt;&lt;DeleteField&gt;&lt;field_name&gt;Named_road&lt;/field_name&gt;&lt;/DeleteField&gt;&lt;/workflow&gt;&lt;/operationSequence&gt;</Process><Process ToolSource="c:\program files\arcgis\pro\Resources\ArcToolbox\toolboxes\Conversion Tools.tbx\FeatureClassToFeatureClass" Date="20211217" Time="102037">FeatureClassToFeatureClass "southern_levant selection" "C:\Users\au701316\OneDrive - Aarhus Universitet\Documents\GIS data\Road_files\egypt" egypt.shp # "OBJECTID "OBJECTID" true true false 10 Long 0 10,First,#,southern_levant selection,OBJECTID,-1,-1;Id "Id" true true false 10 Long 0 10,First,#,southern_levant selection,Id,-1,-1;Name "Name" true true false 50 Text 0 0,First,#,southern_levant selection,Name,0,50;Route_Type "Route_Type" true true false 10 Long 0 10,First,#,southern_levant selection,Route_Type,-1,-1;Type "Type" true true false 50 Text 0 0,First,#,southern_levant selection,Type,0,50;Lower_Date "Lower_Date" true true false 19 Double 0 0,First,#,southern_levant selection,Lower_Date,-1,-1;Low_Date_E "Low_Date_E" true true false 10 Long 0 10,First,#,southern_levant selection,Low_Date_E,-1,-1;Upper_Date "Upper_Date" true true false 19 Double 0 0,First,#,southern_levant selection,Upper_Date,-1,-1;Up_Date_E "Up_Date_E" true true false 10 Long 0 10,First,#,southern_levant selection,Up_Date_E,-1,-1;GeoJson "GeoJson" true true false 50 Text 0 0,First,#,southern_levant selection,GeoJson,0,50;Descriptio "Descriptio" true true false 254 Text 0 0,First,#,southern_levant selection,Descriptio,0,254;Citation "Citation" true true false 254 Text 0 0,First,#,southern_levant selection,Citation,0,254;Bibliograp "Bibliograp" true true false 254 Text 0 0,First,#,southern_levant selection,Bibliograp,0,254;Shape_Leng "Shape_Leng" true true false 19 Double 0 0,First,#,southern_levant selection,Shape_Leng,-1,-1;Cons_per_e "Construction_period_emperor" true true false 254 Text 0 0,First,#,southern_levant selection,Cons_per_e,0,254;Itinerary "Itinerary" true true false 254 Text 0 0,First,#,southern_levant selection,Itinerary,0,254;Segment_s "Segment_source" true true false 254 Text 0 0,First,#,southern_levant selection,Segment_s,0,254" #</Process><Process ToolSource="c:\program files\arcgis\pro\Resources\ArcToolbox\toolboxes\Conversion Tools.tbx\FeatureClassToFeatureClass" Date="20220218" Time="092318">FeatureClassToFeatureClass "egypt selection" "C:\Users\au701316\OneDrive - Aarhus Universitet\Documents\GIS data\Road_files\template" roads_template.shp # "OBJECTID "OBJECTID" true true false 10 Long 0 10,First,#,egypt selection,OBJECTID,-1,-1;Id "Id" true true false 10 Long 0 10,First,#,egypt selection,Id,-1,-1;Name "Name" true true false 50 Text 0 0,First,#,egypt selection,Name,0,50;Route_Type "Route_Type" true true false 10 Long 0 10,First,#,egypt selection,Route_Type,-1,-1;Type "Type" true true false 50 Text 0 0,First,#,egypt selection,Type,0,50;Lower_Date "Lower_Date" true true false 19 Double 0 0,First,#,egypt selection,Lower_Date,-1,-1;Low_Date_E "Low_Date_E" true true false 10 Long 0 10,First,#,egypt selection,Low_Date_E,-1,-1;Upper_Date "Upper_Date" true true false 19 Double 0 0,First,#,egypt selection,Upper_Date,-1,-1;Up_Date_E "Up_Date_E" true true false 10 Long 0 10,First,#,egypt selection,Up_Date_E,-1,-1;GeoJson "GeoJson" true true false 50 Text 0 0,First,#,egypt selection,GeoJson,0,50;Descriptio "Descriptio" true true false 254 Text 0 0,First,#,egypt selection,Descriptio,0,254;Citation "Citation" true true false 254 Text 0 0,First,#,egypt selection,Citation,0,254;Bibliograp "Bibliograp" true true false 254 Text 0 0,First,#,egypt selection,Bibliograp,0,254;Shape_Leng "Shape_Leng" true true false 19 Double 0 0,First,#,egypt selection,Shape_Leng,-1,-1;Cons_per_e "Cons_per_e" true true false 254 Text 0 0,First,#,egypt selection,Cons_per_e,0,254;Itinerary "Itinerary" true true false 254 Text 0 0,First,#,egypt selection,Itinerary,0,254;Segment_s "Segment_s" true true false 254 Text 0 0,First,#,egypt selection,Segment_s,0,254" #</Process><Process ToolSource="c:\program files\arcgis\pro\Resources\ArcToolbox\toolboxes\Conversion Tools.tbx\FeatureClassToFeatureClass" Date="20220504" Time="102530">FeatureClassToFeatureClass Roads\roads_template "C:\Users\au701316\OneDrive - Aarhus Universitet\Documents\GIS data\Road_files\cilicia" cilicia.shp # "OBJECTID "OBJECTID" true true false 10 Long 0 10,First,#,Roads\roads_template,OBJECTID,-1,-1;Id "Id" true true false 10 Long 0 10,First,#,Roads\roads_template,Id,-1,-1;Name "Name" true true false 50 Text 0 0,First,#,Roads\roads_template,Name,0,50;Route_Type "Route_Type" true true false 10 Long 0 10,First,#,Roads\roads_template,Route_Type,-1,-1;Type "Type" true true false 50 Text 0 0,First,#,Roads\roads_template,Type,0,50;Lower_Date "Lower_Date" true true false 19 Double 0 0,First,#,Roads\roads_template,Lower_Date,-1,-1;Low_Date_E "Low_Date_E" true true false 10 Long 0 10,First,#,Roads\roads_template,Low_Date_E,-1,-1;Upper_Date "Upper_Date" true true false 19 Double 0 0,First,#,Roads\roads_template,Upper_Date,-1,-1;Up_Date_E "Up_Date_E" true true false 10 Long 0 10,First,#,Roads\roads_template,Up_Date_E,-1,-1;GeoJson "GeoJson" true true false 50 Text 0 0,First,#,Roads\roads_template,GeoJson,0,50;Descriptio "Descriptio" true true false 254 Text 0 0,First,#,Roads\roads_template,Descriptio,0,254;Citation "Citation" true true false 254 Text 0 0,First,#,Roads\roads_template,Citation,0,254;Bibliograp "Bibliograp" true true false 254 Text 0 0,First,#,Roads\roads_template,Bibliograp,0,254;Shape_Leng "Shape_Leng" true true false 19 Double 0 0,First,#,Roads\roads_template,Shape_Leng,-1,-1;Cons_per_e "Cons_per_e" true true false 254 Text 0 0,First,#,Roads\roads_template,Cons_per_e,0,254;Itinerary "Itinerary" true true false 254 Text 0 0,First,#,Roads\roads_template,Itinerary,0,254;Segment_s "Segment_s" true true false 254 Text 0 0,First,#,Roads\roads_template,Segment_s,0,254" #</Process><Process ToolSource="c:\program files\arcgis\pro\Resources\ArcToolbox\toolboxes\Data Management Tools.tbx\Merge" Date="20230720" Time="111731">Merge Roads\cilicia;Roads\cappadocia;Roads\galatia;Roads\asia;Roads\lycia_pamphylia;Roads\pontus "C:\Users\au701316\OneDrive - Aarhus Universitet\Documents\GIS data\Road_files\anatolia_merge\anatolia_merge.shp" "OBJECTID "OBJECTID" true true false 10 Long 0 10,First,#,Roads\cilicia,OBJECTID,-1,-1,Roads\cappadocia,OBJECTID,-1,-1,Roads\galatia,OBJECTID,-1,-1,Roads\asia,OBJECTID,-1,-1,Roads\lycia_pamphylia,OBJECTID,-1,-1,Roads\pontus,OBJECTID,-1,-1;Id "Id" true true false 10 Long 0 10,First,#,Roads\cilicia,Id,-1,-1,Roads\cappadocia,Id,-1,-1,Roads\galatia,Id,-1,-1,Roads\asia,Id,-1,-1,Roads\lycia_pamphylia,Id,-1,-1,Roads\pontus,Id,-1,-1;Name "Name" true true false 50 Text 0 0,First,#,Roads\cilicia,Name,0,50,Roads\cappadocia,Name,0,50,Roads\galatia,Name,0,50,Roads\asia,Name,0,50,Roads\lycia_pamphylia,Name,0,50,Roads\pontus,Name,0,50;Route_Type "Route_Type" true true false 10 Long 0 10,First,#,Roads\cilicia,Route_Type,-1,-1,Roads\cappadocia,Route_Type,-1,-1,Roads\galatia,Route_Type,-1,-1,Roads\asia,Route_Type,-1,-1,Roads\lycia_pamphylia,Route_Type,-1,-1,Roads\pontus,Route_Type,-1,-1;Type "Type" true true false 50 Text 0 0,First,#,Roads\cilicia,Type,0,50,Roads\cappadocia,Type,0,50,Roads\galatia,Type,0,50,Roads\asia,Type,0,50,Roads\lycia_pamphylia,Type,0,50,Roads\pontus,Type,0,50;Lower_Date "Lower_Date" true true false 19 Double 0 0,First,#,Roads\cilicia,Lower_Date,-1,-1,Roads\cappadocia,Lower_Date,-1,-1,Roads\galatia,Lower_Date,-1,-1,Roads\asia,Lower_Date,-1,-1,Roads\lycia_pamphylia,Lower_Date,-1,-1,Roads\pontus,Lower_Date,-1,-1;Low_Date_E "Low_Date_E" true true false 10 Long 0 10,First,#,Roads\cilicia,Low_Date_E,-1,-1,Roads\cappadocia,Low_Date_E,-1,-1,Roads\galatia,Low_Date_E,-1,-1,Roads\asia,Low_Date_E,-1,-1,Roads\lycia_pamphylia,Low_Date_E,-1,-1,Roads\pontus,Low_Date_E,-1,-1;Upper_Date "Upper_Date" true true false 19 Double 0 0,First,#,Roads\cilicia,Upper_Date,-1,-1,Roads\cappadocia,Upper_Date,-1,-1,Roads\galatia,Upper_Date,-1,-1,Roads\asia,Upper_Date,-1,-1,Roads\lycia_pamphylia,Upper_Date,-1,-1,Roads\pontus,Upper_Date,-1,-1;Up_Date_E "Up_Date_E" true true false 10 Long 0 10,First,#,Roads\cilicia,Up_Date_E,-1,-1,Roads\cappadocia,Up_Date_E,-1,-1,Roads\galatia,Up_Date_E,-1,-1,Roads\asia,Up_Date_E,-1,-1,Roads\lycia_pamphylia,Up_Date_E,-1,-1,Roads\pontus,Up_Date_E,-1,-1;GeoJson "GeoJson" true true false 50 Text 0 0,First,#,Roads\cilicia,GeoJson,0,50,Roads\cappadocia,GeoJson,0,50,Roads\galatia,GeoJson,0,50,Roads\asia,GeoJson,0,50,Roads\lycia_pamphylia,GeoJson,0,50,Roads\pontus,GeoJson,0,50;Descriptio "Descriptio" true true false 254 Text 0 0,First,#,Roads\cilicia,Descriptio,0,254,Roads\cappadocia,Descriptio,0,254,Roads\galatia,Descriptio,0,254,Roads\asia,Descriptio,0,254,Roads\lycia_pamphylia,Descriptio,0,254,Roads\pontus,Descriptio,0,254;Citation "Citation" true true false 254 Text 0 0,First,#,Roads\cilicia,Citation,0,254,Roads\cappadocia,Citation,0,254,Roads\galatia,Citation,0,254,Roads\asia,Citation,0,254,Roads\lycia_pamphylia,Citation,0,254,Roads\pontus,Citation,0,254;Bibliograp "Bibliograp" true true false 254 Text 0 0,First,#,Roads\cilicia,Bibliograp,0,254,Roads\cappadocia,Bibliograp,0,254,Roads\galatia,Bibliograp,0,254,Roads\asia,Bibliograp,0,254,Roads\lycia_pamphylia,Bibliograp,0,254,Roads\pontus,Bibliograp,0,254;Shape_Leng "Shape_Leng" true true false 19 Double 0 0,First,#,Roads\cilicia,Shape_Leng,-1,-1,Roads\cappadocia,Shape_Leng,-1,-1,Roads\galatia,Shape_Leng,-1,-1,Roads\asia,Shape_Leng,-1,-1,Roads\lycia_pamphylia,Shape_Leng,-1,-1,Roads\pontus,Shape_Leng,-1,-1;Cons_per_e "Cons_per_e" true true false 254 Text 0 0,First,#,Roads\cilicia,Cons_per_e,0,254,Roads\cappadocia,Cons_per_e,0,254,Roads\galatia,Cons_per_e,0,254,Roads\asia,Cons_per_e,0,254,Roads\lycia_pamphylia,Cons_per_e,0,254,Roads\pontus,Cons_per_e,0,254;Itinerary "Itinerary" true true false 254 Text 0 0,First,#,Roads\cilicia,Itinerary,0,254,Roads\cappadocia,Itinerary,0,254,Roads\galatia,Itinerary,0,254,Roads\asia,Itinerary,0,254,Roads\lycia_pamphylia,Itinerary,0,254,Roads\pontus,Itinerary,0,254;Segment_s "Segment_s" true true false 254 Text 0 0,First,#,Roads\cilicia,Segment_s,0,254,Roads\cappadocia,Segment_s,0,254,Roads\galatia,Segment_s,0,254,Roads\asia,Segment_s,0,254,Roads\lycia_pamphylia,Segment_s,0,254,Roads\pontus,Segment_s,0,254" NO_SOURCE_INFO</Process><Process ToolSource="c:\users\2085035\appdata\local\programs\arcgis\pro\Resources\ArcToolbox\toolboxes\Data Management Tools.tbx\Merge" Date="20230726" Time="231359">Merge anatolia_merge;VIATOR-E\Hispania "C:\Users\2085035\OneDrive - UAB\UAB\PROJECTES\VIATOR-E_UAB\DEFINITIVES\Hispania_D.shp" "OBJECTID "OBJECTID" true true false 10 Long 0 10,First,#,anatolia_merge,OBJECTID,-1,-1,VIATOR-E\Hispania,OBJECTID,-1,-1;Id "Id" true true false 10 Long 0 10,First,#,anatolia_merge,Id,-1,-1,VIATOR-E\Hispania,Id,-1,-1;Name "Name" true true false 50 Text 0 0,First,#,anatolia_merge,Name,0,50,VIATOR-E\Hispania,Name,0,50;Route_Type "Route_Type" true true false 10 Long 0 10,First,#,anatolia_merge,Route_Type,-1,-1;Type "Type" true true false 50 Text 0 0,First,#,anatolia_merge,Type,0,50,VIATOR-E\Hispania,Type,0,50;Lower_Date "Lower_Date" true true false 19 Double 0 0,First,#,anatolia_merge,Lower_Date,-1,-1;Low_Date_E "Low_Date_E" true true false 10 Long 0 10,First,#,anatolia_merge,Low_Date_E,-1,-1;Upper_Date "Upper_Date" true true false 19 Double 0 0,First,#,anatolia_merge,Upper_Date,-1,-1;Up_Date_E "Up_Date_E" true true false 10 Long 0 10,First,#,anatolia_merge,Up_Date_E,-1,-1;GeoJson "GeoJson" true true false 50 Text 0 0,First,#,anatolia_merge,GeoJson,0,50;Descriptio "Descriptio" true true false 254 Text 0 0,First,#,anatolia_merge,Descriptio,0,254;Citation "Citation" true true false 254 Text 0 0,First,#,anatolia_merge,Citation,0,254;Bibliograp "Bibliograp" true true false 254 Text 0 0,First,#,anatolia_merge,Bibliograp,0,254;Shape_Leng "Shape_Leng" true true false 19 Double 0 0,First,#,anatolia_merge,Shape_Leng,-1,-1,VIATOR-E\Hispania,SHAPE_Leng,-1,-1;Cons_per_e "Cons_per_e" true true false 254 Text 0 0,First,#,anatolia_merge,Cons_per_e,0,254;Itinerary "Itinerary" true true false 254 Text 0 0,First,#,anatolia_merge,Itinerary,0,254;Segment_s "Segment_s" true true false 254 Text 0 0,First,#,anatolia_merge,Segment_s,0,254;LAYER "LAYER" true true false 50 Text 0 0,First,#,VIATOR-E\Hispania,LAYER,0,50;KNOWLEDGE "KNOWLEDGE" true true false 50 Text 0 0,First,#,VIATOR-E\Hispania,KNOWLEDGE,0,50;SOURCE "SOURCE" true true false 50 Text 0 0,First,#,VIATOR-E\Hispania,SOURCE,0,50;LENGTH "LENGTH" true true false 19 Double 0 0,First,#,VIATOR-E\Hispania,LENGTH,-1,-1;LENGTH_1 "LENGTH_1" true true false 10 Long 0 10,First,#,VIATOR-E\Hispania,LENGTH_1,-1,-1;OBJECTID_1 "OBJECTID_1" true true false 10 Long 0 10,First,#,VIATOR-E\Hispania,OBJECTID_1,-1,-1;Shape_Le_1 "Shape_Le_1" true true false 19 Double 0 0,First,#,VIATOR-E\Hispania,Shape_Le_1,-1,-1" NO_SOURCE_INFO</Process><Process ToolSource="c:\users\2085035\appdata\local\programs\arcgis\pro\Resources\ArcToolbox\toolboxes\Data Management Tools.tbx\DeleteField" Date="20230726" Time="231610">DeleteField Hispania_D GeoJson "Delete Fields"</Process><Process ToolSource="c:\users\2085035\appdata\local\programs\arcgis\pro\Resources\ArcToolbox\toolboxes\Data Management Tools.tbx\CalculateField" Date="20230726" Time="231732">CalculateField Hispania_D Type !LAYER! "Python 3" # Text NO_ENFORCE_DOMAINS</Process><Process ToolSource="c:\users\2085035\appdata\local\programs\arcgis\pro\Resources\ArcToolbox\toolboxes\Data Management Tools.tbx\CalculateField" Date="20230726" Time="231759">CalculateField Hispania_D Bibliograp !LAYER!!SOURCE! "Python 3" # Text NO_ENFORCE_DOMAINS</Process><Process ToolSource="c:\users\2085035\appdata\local\programs\arcgis\pro\Resources\ArcToolbox\toolboxes\Data Management Tools.tbx\CalculateField" Date="20230726" Time="231834">CalculateField Hispania_D Bibliograp !SOURCE! "Python 3" # Text NO_ENFORCE_DOMAINS</Process><Process ToolSource="c:\users\2085035\appdata\local\programs\arcgis\pro\Resources\ArcToolbox\toolboxes\Data Management Tools.tbx\DeleteField" Date="20230726" Time="232215">DeleteField Hispania_D LAYER;KNOWLEDGE;SOURCE;LENGTH;LENGTH_1;OBJECTID_1 "Delete Fields"</Process><Process ToolSource="c:\users\2085035\appdata\local\programs\arcgis\pro\Resources\ArcToolbox\toolboxes\Data Management Tools.tbx\Merge" Date="20231009" Time="190404">Merge VIATOR-E\Hispania_D;VIATOR-E\Gallia;VIATOR-E\Italia_Def;VIATOR-E\GSup_Raetia_Noricum_D;VIATOR-E\Dalmatia_D;'VIATOR-E\Germania Inferior' "C:\Users\2085035\OneDrive - UAB\UAB\PROJECTES\VIATOR-E_UAB\DEFINITIVES\Viator-e.shp" "OBJECTID "OBJECTID" true true false 10 Long 0 10,First,#,VIATOR-E\Hispania_D,OBJECTID,-1,-1,VIATOR-E\Gallia,OBJECTID,-1,-1,VIATOR-E\Italia_Def,OBJECTID,-1,-1,VIATOR-E\GSup_Raetia_Noricum_D,OBJECTID,-1,-1,VIATOR-E\Dalmatia_D,OBJECTID,-1,-1,VIATOR-E\Germania Inferior,OBJECTID,-1,-1;Id "Id" true true false 10 Long 0 10,First,#,VIATOR-E\Hispania_D,Id,-1,-1,VIATOR-E\Gallia,Id,-1,-1,VIATOR-E\Italia_Def,Id,-1,-1,VIATOR-E\GSup_Raetia_Noricum_D,Id,-1,-1,VIATOR-E\Dalmatia_D,Id,-1,-1,VIATOR-E\Germania Inferior,Id,-1,-1;Name "Name" true true false 50 Text 0 0,First,#,VIATOR-E\Hispania_D,Name,0,50,VIATOR-E\Gallia,Name,0,50,VIATOR-E\Italia_Def,Name,0,50,VIATOR-E\GSup_Raetia_Noricum_D,Name,0,50,VIATOR-E\Dalmatia_D,Name,0,50,VIATOR-E\Germania Inferior,Name,0,50;Route_Type "Route_Type" true true false 10 Long 0 10,First,#,VIATOR-E\Hispania_D,Route_Type,-1,-1,VIATOR-E\Gallia,Route_Type,-1,-1,VIATOR-E\Italia_Def,Route_Type,-1,-1,VIATOR-E\GSup_Raetia_Noricum_D,Route_Type,-1,-1,VIATOR-E\Dalmatia_D,Route_Type,-1,-1,VIATOR-E\Germania Inferior,Route_Type,-1,-1;Type "Type" true true false 50 Text 0 0,First,#,VIATOR-E\Hispania_D,Type,0,50,VIATOR-E\Gallia,Type,0,50,VIATOR-E\Italia_Def,Type,0,50,VIATOR-E\GSup_Raetia_Noricum_D,Type,0,50,VIATOR-E\Dalmatia_D,Type,0,50,VIATOR-E\Germania Inferior,Type,0,50;Lower_Date "Lower_Date" true true false 19 Double 0 0,First,#,VIATOR-E\Hispania_D,Lower_Date,-1,-1,VIATOR-E\Gallia,Lower_Date,-1,-1,VIATOR-E\Italia_Def,Lower_Date,-1,-1,VIATOR-E\GSup_Raetia_Noricum_D,Lower_Date,-1,-1,VIATOR-E\Dalmatia_D,Lower_Date,-1,-1,VIATOR-E\Germania Inferior,Lower_Date,-1,-1;Low_Date_E "Low_Date_E" true true false 10 Long 0 10,First,#,VIATOR-E\Hispania_D,Low_Date_E,-1,-1,VIATOR-E\Gallia,Low_Date_E,-1,-1,VIATOR-E\Italia_Def,Low_Date_E,-1,-1,VIATOR-E\GSup_Raetia_Noricum_D,Low_Date_E,-1,-1,VIATOR-E\Dalmatia_D,Low_Date_E,-1,-1,VIATOR-E\Germania Inferior,Low_Date_E,-1,-1;Upper_Date "Upper_Date" true true false 19 Double 0 0,First,#,VIATOR-E\Hispania_D,Upper_Date,-1,-1,VIATOR-E\Gallia,Upper_Date,-1,-1,VIATOR-E\Italia_Def,Upper_Date,-1,-1,VIATOR-E\GSup_Raetia_Noricum_D,Upper_Date,-1,-1,VIATOR-E\Dalmatia_D,Upper_Date,-1,-1,VIATOR-E\Germania Inferior,Upper_Date,-1,-1;Up_Date_E "Up_Date_E" true true false 10 Long 0 10,First,#,VIATOR-E\Hispania_D,Up_Date_E,-1,-1,VIATOR-E\Gallia,Up_Date_E,-1,-1,VIATOR-E\Italia_Def,Up_Date_E,-1,-1,VIATOR-E\GSup_Raetia_Noricum_D,Up_Date_E,-1,-1,VIATOR-E\Dalmatia_D,Up_Date_E,-1,-1,VIATOR-E\Germania Inferior,Up_Date_E,-1,-1;Descriptio "Descriptio" true true false 254 Text 0 0,First,#,VIATOR-E\Hispania_D,Descriptio,0,254,VIATOR-E\Gallia,Descriptio,0,254,VIATOR-E\Italia_Def,Descriptio,0,254,VIATOR-E\GSup_Raetia_Noricum_D,Descriptio,0,254,VIATOR-E\Dalmatia_D,Descriptio,0,254,VIATOR-E\Germania Inferior,Descriptio,0,254;Citation "Citation" true true false 254 Text 0 0,First,#,VIATOR-E\Hispania_D,Citation,0,254,VIATOR-E\Gallia,Citation,0,254,VIATOR-E\Italia_Def,Citation,0,254,VIATOR-E\GSup_Raetia_Noricum_D,Citation,0,254,VIATOR-E\Dalmatia_D,Citation,0,254,VIATOR-E\Germania Inferior,Citation,0,254;Bibliograp "Bibliograp" true true false 254 Text 0 0,First,#,VIATOR-E\Hispania_D,Bibliograp,0,254,VIATOR-E\Gallia,Bibliograp,0,254,VIATOR-E\Italia_Def,Bibliograp,0,254,VIATOR-E\GSup_Raetia_Noricum_D,Bibliograp,0,254,VIATOR-E\Dalmatia_D,Bibliograp,0,254,VIATOR-E\Germania Inferior,Bibliograp,0,254;Shape_Leng "Shape_Leng" true true false 19 Double 0 0,First,#,VIATOR-E\Hispania_D,Shape_Leng,-1,-1,VIATOR-E\Gallia,Shape_Leng,-1,-1,VIATOR-E\Italia_Def,Shape_Leng,-1,-1,VIATOR-E\GSup_Raetia_Noricum_D,Shape_Leng,-1,-1,VIATOR-E\Dalmatia_D,Shape_Leng,-1,-1,VIATOR-E\Germania Inferior,Shape_Leng,-1,-1;Cons_per_e "Cons_per_e" true true false 254 Text 0 0,First,#,VIATOR-E\Hispania_D,Cons_per_e,0,254,VIATOR-E\Gallia,Cons_per_e,0,254,VIATOR-E\Italia_Def,Cons_per_e,0,254,VIATOR-E\GSup_Raetia_Noricum_D,Cons_per_e,0,254,VIATOR-E\Dalmatia_D,Cons_per_e,0,254,VIATOR-E\Germania Inferior,Cons_per_e,0,254;Itinerary "Itinerary" true true false 254 Text 0 0,First,#,VIATOR-E\Hispania_D,Itinerary,0,254,VIATOR-E\Gallia,Itinerary,0,254,VIATOR-E\Italia_Def,Itinerary,0,254,VIATOR-E\GSup_Raetia_Noricum_D,Itinerary,0,254,VIATOR-E\Dalmatia_D,Itinerary,0,254,VIATOR-E\Germania Inferior,Itinerary,0,254;Segment_s "Segment_s" true true false 254 Text 0 0,First,#,VIATOR-E\Hispania_D,Segment_s,0,254,VIATOR-E\Gallia,Segment_s,0,254,VIATOR-E\Italia_Def,Segment_s,0,254,VIATOR-E\GSup_Raetia_Noricum_D,Segment_s,0,254,VIATOR-E\Dalmatia_D,Segment_s,0,254,VIATOR-E\Germania Inferior,Segment_s,0,254;Shape_Le_1 "Shape_Le_1" true true false 19 Double 0 0,First,#,VIATOR-E\Hispania_D,Shape_Le_1,-1,-1,VIATOR-E\GSup_Raetia_Noricum_D,Shape_Le_1,-1,-1;GeoJson "GeoJson" true true false 50 Text 0 0,First,#,VIATOR-E\Gallia,GeoJson,0,50,VIATOR-E\Italia_Def,GeoJson,0,50,VIATOR-E\GSup_Raetia_Noricum_D,GeoJson,0,50,VIATOR-E\Dalmatia_D,GeoJson,0,50,VIATOR-E\Germania Inferior,GeoJson,0,50" NO_SOURCE_INFO</Process><Process ToolSource="c:\users\2085035\appdata\local\programs\arcgis\pro\Resources\ArcToolbox\toolboxes\Data Management Tools.tbx\Project" Date="20231009" Time="191555">Project Viator-e "C:\Users\2085035\OneDrive - UAB\PROJECTES\VIATOR-E\Viator-e_2022\Viator-e_2022.gdb\Viatore_Project" PROJCS["WGS_1984_World_Mercator",GEOGCS["GCS_WGS_1984",DATUM["D_WGS_1984",SPHEROID["WGS_1984",6378137.0,298.257223563]],PRIMEM["Greenwich",0.0],UNIT["Degree",0.0174532925199433]],PROJECTION["Mercator"],PARAMETER["False_Easting",0.0],PARAMETER["False_Northing",0.0],PARAMETER["Central_Meridian",0.0],PARAMETER["Standard_Parallel_1",0.0],UNIT["Meter",1.0]] # GEOGCS["GCS_WGS_1984",DATUM["D_WGS_1984",SPHEROID["WGS_1984",6378137.0,298.257223563]],PRIMEM["Greenwich",0.0],UNIT["Degree",0.0174532925199433]] NO_PRESERVE_SHAPE # NO_VERTICAL</Process><Process ToolSource="c:\users\2085035\appdata\local\programs\arcgis\pro\Resources\ArcToolbox\toolboxes\Conversion Tools.tbx\ExportFeatures" Date="20231016" Time="193429">ExportFeatures Viatore_Project "C:\Users\2085035\OneDrive - UAB\UAB\PROJECTES\VIATOR-E_UAB\DEFINITIVES\Viatore_Global.shp" # NOT_USE_ALIAS "OBJECTID "OBJECTID" true true false 4 Long 0 0,First,#,Viatore_Project,OBJECTID,-1,-1;Id "Id" true true false 4 Long 0 0,First,#,Viatore_Project,Id,-1,-1;Name "Name" true true false 50 Text 0 0,First,#,Viatore_Project,Name,0,50;Route_Type "Route_Type" true true false 4 Long 0 0,First,#,Viatore_Project,Route_Type,-1,-1;Type "Type" true true false 50 Text 0 0,First,#,Viatore_Project,Type,0,50;Lower_Date "Lower_Date" true true false 8 Double 0 0,First,#,Viatore_Project,Lower_Date,-1,-1;Low_Date_E "Low_Date_E" true true false 4 Long 0 0,First,#,Viatore_Project,Low_Date_E,-1,-1;Upper_Date "Upper_Date" true true false 8 Double 0 0,First,#,Viatore_Project,Upper_Date,-1,-1;Up_Date_E "Up_Date_E" true true false 4 Long 0 0,First,#,Viatore_Project,Up_Date_E,-1,-1;Descriptio "Descriptio" true true false 254 Text 0 0,First,#,Viatore_Project,Descriptio,0,254;Citation "Citation" true true false 254 Text 0 0,First,#,Viatore_Project,Citation,0,254;Bibliograp "Bibliograp" true true false 254 Text 0 0,First,#,Viatore_Project,Bibliograp,0,254;Shape_Leng "Shape_Leng" true true false 8 Double 0 0,First,#,Viatore_Project,Shape_Leng,-1,-1;Cons_per_e "Cons_per_e" true true false 254 Text 0 0,First,#,Viatore_Project,Cons_per_e,0,254;Itinerary "Itinerary" true true false 254 Text 0 0,First,#,Viatore_Project,Itinerary,0,254;Segment_s "Segment_s" true true false 254 Text 0 0,First,#,Viatore_Project,Segment_s,0,254;Shape_Le_1 "Shape_Le_1" true true false 8 Double 0 0,First,#,Viatore_Project,Shape_Le_1,-1,-1;GeoJson "GeoJson" true true false 50 Text 0 0,First,#,Viatore_Project,GeoJson,0,50;Shape_Length "Shape_Length" false true true 8 Double 0 0,First,#,Viatore_Project,Shape_Length,-1,-1" #</Process><Process ToolSource="c:\program files\arcgis\pro\Resources\ArcToolbox\toolboxes\Conversion Tools.tbx\ExportFeatures" Date="20231017" Time="105845">ExportFeatures Viator-e\Viatore_Global "C:\Users\au701316\OneDrive - Aarhus Universitet\Documents\GIS data\Road_files\viator_e\italy_noricum_raetia_17102023\italy_noricum_raetia_17102023.shp" # NOT_USE_ALIAS "OBJECTID "OBJECTID" true true false 10 Long 0 10,First,#,Viator-e\Viatore_Global,OBJECTID,-1,-1;Id "Id" true true false 10 Long 0 10,First,#,Viator-e\Viatore_Global,Id,-1,-1;Name "Name" true true false 50 Text 0 0,First,#,Viator-e\Viatore_Global,Name,0,50;Route_Type "Route_Type" true true false 10 Long 0 10,First,#,Viator-e\Viatore_Global,Route_Type,-1,-1;Type "Type" true true false 50 Text 0 0,First,#,Viator-e\Viatore_Global,Type,0,50;Lower_Date "Lower_Date" true true false 19 Double 0 0,First,#,Viator-e\Viatore_Global,Lower_Date,-1,-1;Low_Date_E "Low_Date_E" true true false 10 Long 0 10,First,#,Viator-e\Viatore_Global,Low_Date_E,-1,-1;Upper_Date "Upper_Date" true true false 19 Double 0 0,First,#,Viator-e\Viatore_Global,Upper_Date,-1,-1;Up_Date_E "Up_Date_E" true true false 10 Long 0 10,First,#,Viator-e\Viatore_Global,Up_Date_E,-1,-1;Descriptio "Descriptio" true true false 254 Text 0 0,First,#,Viator-e\Viatore_Global,Descriptio,0,254;Citation "Citation" true true false 254 Text 0 0,First,#,Viator-e\Viatore_Global,Citation,0,254;Bibliograp "Bibliograp" true true false 254 Text 0 0,First,#,Viator-e\Viatore_Global,Bibliograp,0,254;Shape_Leng "Shape_Leng" true true false 19 Double 0 0,First,#,Viator-e\Viatore_Global,Shape_Leng,-1,-1;Cons_per_e "Cons_per_e" true true false 254 Text 0 0,First,#,Viator-e\Viatore_Global,Cons_per_e,0,254;Itinerary "Itinerary" true true false 254 Text 0 0,First,#,Viator-e\Viatore_Global,Itinerary,0,254;Segment_s "Segment_s" true true false 254 Text 0 0,First,#,Viator-e\Viatore_Global,Segment_s,0,254;Shape_Le_1 "Shape_Le_1" true true false 19 Double 0 0,First,#,Viator-e\Viatore_Global,Shape_Le_1,-1,-1;GeoJson "GeoJson" true true false 50 Text 0 0,First,#,Viator-e\Viatore_Global,GeoJson,0,50;Shape_Le_2 "Shape_Le_2" true true false 19 Double 0 0,First,#,Viator-e\Viatore_Global,Shape_Le_2,-1,-1" #</Process><Process ToolSource="c:\program files\arcgis\pro\Resources\ArcToolbox\toolboxes\Data Management Tools.tbx\CalculateField" Date="20231031" Time="153921">CalculateField Viator-e\italy_noricum_raetia_17102023 Segment_s !Segment_s!.replace(" ", "Conjectured") "Python 3" # Text NO_ENFORCE_DOMAINS</Process><Process ToolSource="c:\program files\arcgis\pro\Resources\ArcToolbox\toolboxes\Data Management Tools.tbx\CalculateField" Date="20231031" Time="154017">CalculateField Viator-e\italy_noricum_raetia_17102023 Segment_s !Segment_s!.replace('', 'Conjectured') "Python 3" # Text NO_ENFORCE_DOMAINS</Process><Process ToolSource="c:\program files\arcgis\pro\Resources\ArcToolbox\toolboxes\Conversion Tools.tbx\ExportFeatures" Date="20231103" Time="114201">ExportFeatures Viator-e\italy_noricum_raetia_17102023 "C:\Users\au701316\OneDrive - Aarhus Universitet\Documents\GIS data\Road_files\italia\italia.shp" # NOT_USE_ALIAS "OBJECTID "OBJECTID" true true false 10 Long 0 10,First,#,Viator-e\italy_noricum_raetia_17102023,OBJECTID,-1,-1;Id "Id" true true false 10 Long 0 10,First,#,Viator-e\italy_noricum_raetia_17102023,Id,-1,-1;Name "Name" true true false 50 Text 0 0,First,#,Viator-e\italy_noricum_raetia_17102023,Name,0,50;Route_Type "Route_Type" true true false 10 Long 0 10,First,#,Viator-e\italy_noricum_raetia_17102023,Route_Type,-1,-1;Type "Type" true true false 50 Text 0 0,First,#,Viator-e\italy_noricum_raetia_17102023,Type,0,50;Lower_Date "Lower_Date" true true false 19 Double 0 0,First,#,Viator-e\italy_noricum_raetia_17102023,Lower_Date,-1,-1;Low_Date_E "Low_Date_E" true true false 10 Long 0 10,First,#,Viator-e\italy_noricum_raetia_17102023,Low_Date_E,-1,-1;Upper_Date "Upper_Date" true true false 19 Double 0 0,First,#,Viator-e\italy_noricum_raetia_17102023,Upper_Date,-1,-1;Up_Date_E "Up_Date_E" true true false 10 Long 0 10,First,#,Viator-e\italy_noricum_raetia_17102023,Up_Date_E,-1,-1;Descriptio "Descriptio" true true false 254 Text 0 0,First,#,Viator-e\italy_noricum_raetia_17102023,Descriptio,0,254;Citation "Citation" true true false 254 Text 0 0,First,#,Viator-e\italy_noricum_raetia_17102023,Citation,0,254;Bibliograp "Bibliograp" true true false 254 Text 0 0,First,#,Viator-e\italy_noricum_raetia_17102023,Bibliograp,0,254;Shape_Leng "Shape_Leng" true true false 19 Double 0 0,First,#,Viator-e\italy_noricum_raetia_17102023,Shape_Leng,-1,-1;Cons_per_e "Cons_per_e" true true false 254 Text 0 0,First,#,Viator-e\italy_noricum_raetia_17102023,Cons_per_e,0,254;Itinerary "Itinerary" true true false 254 Text 0 0,First,#,Viator-e\italy_noricum_raetia_17102023,Itinerary,0,254;Segment_s "Segment_s" true true false 254 Text 0 0,First,#,Viator-e\italy_noricum_raetia_17102023,Segment_s,0,254;Shape_Le_1 "Shape_Le_1" true true false 19 Double 0 0,First,#,Viator-e\italy_noricum_raetia_17102023,Shape_Le_1,-1,-1;GeoJson "GeoJson" true true false 50 Text 0 0,First,#,Viator-e\italy_noricum_raetia_17102023,GeoJson,0,50;Shape_Le_2 "Shape_Le_2" true true false 19 Double 0 0,First,#,Viator-e\italy_noricum_raetia_17102023,Shape_Le_2,-1,-1" #</Process><Process ToolSource="c:\program files\arcgis\pro\Resources\ArcToolbox\toolboxes\Data Management Tools.tbx\Merge" Date="20231108" Time="082803">Merge Viator-e\italia;Viator-e\noricum_raetia_dalmatia;Viator-e\hispania_02112023;Roads\amanda_30-10-23_britain;Roads\gallia_germania;Roads\sardinia;Roads\amanda_24-09-23_galatia;Roads\amanda_24_09_23_pontus_2;Roads\amanda_21_09_23_weissova_bithynia;Roads\cappadocia_jens_21092023;Roads\amanda_18-09-23_pannonia;Roads\dacia;Roads\east_thrace;Roads\amanda_30-08-23_moesia_inferior;Roads\moesia_superior_jens;Roads\macedonia;Roads\epirus;Roads\achaea;Roads\tingitana;Roads\africa_proconsularis_jens_21082023;Roads\mauretania_jens_21082023;Roads\asia;Roads\lycia_pamphylia_jens_15092023;Roads\cilicia_jens_15092023;Roads\cyprus_islands;Roads\north_africa;Roads\egypt_jens_14092023;Roads\southern_levant;Roads\northern_levant "C:\Users\au701316\OneDrive - Aarhus Universitet\Documents\GIS data\Road_files\road_merge_all\road_merge_08112023.shp" "OBJECTID "OBJECTID" true true false 10 Long 0 10,First,#,Viator-e\italia,OBJECTID,-1,-1,Viator-e\noricum_raetia_dalmatia,OBJECTID,-1,-1,Viator-e\hispania_02112023,OBJECTID,-1,-1,Roads\amanda_30-10-23_britain,OBJECTID,-1,-1,Roads\gallia_germania,OBJECTID,-1,-1,Roads\sardinia,OBJECTID,-1,-1,Roads\amanda_24-09-23_galatia,OBJECTID,-1,-1,Roads\amanda_24_09_23_pontus_2,OBJECTID,-1,-1,Roads\amanda_21_09_23_weissova_bithynia,OBJECTID,-1,-1,Roads\cappadocia_jens_21092023,OBJECTID,-1,-1,Roads\amanda_18-09-23_pannonia,OBJECTID,-1,-1,Roads\dacia,OBJECTID,-1,-1,Roads\east_thrace,OBJECTID,-1,-1,Roads\amanda_30-08-23_moesia_inferior,OBJECTID,-1,-1,Roads\moesia_superior_jens,OBJECTID,-1,-1,Roads\macedonia,OBJECTID,-1,-1,Roads\epirus,OBJECTID,-1,-1,Roads\achaea,OBJECTID,-1,-1,Roads\tingitana,OBJECTID,-1,-1,Roads\africa_proconsularis_jens_21082023,OBJECTID,-1,-1,Roads\mauretania_jens_21082023,OBJECTID,-1,-1,Roads\asia,OBJECTID,-1,-1,Roads\lycia_pamphylia_jens_15092023,OBJECTID,-1,-1,Roads\cilicia_jens_15092023,OBJECTID,-1,-1,Roads\cyprus_islands,OBJECTID,-1,-1,Roads\egypt_jens_14092023,OBJECTID,-1,-1,Roads\southern_levant,OBJECTID,-1,-1,Roads\northern_levant,OBJECTID,-1,-1;Id "Id" true true false 10 Long 0 10,First,#,Viator-e\italia,Id,-1,-1,Viator-e\noricum_raetia_dalmatia,Id,-1,-1,Viator-e\hispania_02112023,Id,-1,-1,Roads\amanda_30-10-23_britain,Id,-1,-1,Roads\gallia_germania,Id,-1,-1,Roads\sardinia,Id,-1,-1,Roads\amanda_24-09-23_galatia,Id,-1,-1,Roads\amanda_24_09_23_pontus_2,Id,-1,-1,Roads\amanda_21_09_23_weissova_bithynia,Id,-1,-1,Roads\cappadocia_jens_21092023,Id,-1,-1,Roads\amanda_18-09-23_pannonia,Id,-1,-1,Roads\dacia,Id,-1,-1,Roads\east_thrace,Id,-1,-1,Roads\amanda_30-08-23_moesia_inferior,Id,-1,-1,Roads\moesia_superior_jens,Id,-1,-1,Roads\macedonia,Id,-1,-1,Roads\epirus,Id,-1,-1,Roads\achaea,Id,-1,-1,Roads\tingitana,Id,-1,-1,Roads\africa_proconsularis_jens_21082023,Id,-1,-1,Roads\mauretania_jens_21082023,Id,-1,-1,Roads\asia,Id,-1,-1,Roads\lycia_pamphylia_jens_15092023,Id,-1,-1,Roads\cilicia_jens_15092023,Id,-1,-1,Roads\cyprus_islands,Id,-1,-1,Roads\egypt_jens_14092023,Id,-1,-1,Roads\southern_levant,Id,-1,-1,Roads\northern_levant,Id,-1,-1;Name "Name" true true false 50 Text 0 0,First,#,Viator-e\italia,Name,0,50,Viator-e\noricum_raetia_dalmatia,Name,0,50,Viator-e\hispania_02112023,Name,0,50,Roads\amanda_30-10-23_britain,Name,0,50,Roads\gallia_germania,Name,0,50,Roads\sardinia,Name,0,50,Roads\amanda_24-09-23_galatia,Name,0,50,Roads\amanda_24_09_23_pontus_2,Name,0,50,Roads\amanda_21_09_23_weissova_bithynia,Name,0,50,Roads\cappadocia_jens_21092023,Name,0,50,Roads\amanda_18-09-23_pannonia,Name,0,50,Roads\dacia,Name,0,50,Roads\east_thrace,Name,0,50,Roads\amanda_30-08-23_moesia_inferior,Name,0,50,Roads\moesia_superior_jens,Name,0,50,Roads\macedonia,Name,0,50,Roads\epirus,Name,0,50,Roads\achaea,Name,0,50,Roads\tingitana,Name,0,100,Roads\africa_proconsularis_jens_21082023,Name,0,50,Roads\mauretania_jens_21082023,Name,0,50,Roads\asia,Name,0,50,Roads\lycia_pamphylia_jens_15092023,Name,0,50,Roads\cilicia_jens_15092023,Name,0,50,Roads\cyprus_islands,Name,0,50,Roads\north_africa,Name,0,50,Roads\egypt_jens_14092023,Name,0,50,Roads\southern_levant,Name,0,50,Roads\northern_levant,Name,0,50;Route_Type "Route_Type" true true false 10 Long 0 10,First,#,Viator-e\italia,Route_Type,-1,-1,Viator-e\noricum_raetia_dalmatia,Route_Type,-1,-1,Viator-e\hispania_02112023,Route_Type,-1,-1,Roads\amanda_30-10-23_britain,Route_Type,-1,-1,Roads\gallia_germania,Route_Type,-1,-1,Roads\sardinia,Route_Type,-1,-1,Roads\amanda_24-09-23_galatia,Route_Type,-1,-1,Roads\amanda_24_09_23_pontus_2,Route_Type,-1,-1,Roads\amanda_21_09_23_weissova_bithynia,Route_Type,-1,-1,Roads\cappadocia_jens_21092023,Route_Type,-1,-1,Roads\amanda_18-09-23_pannonia,Route_Type,-1,-1,Roads\dacia,Route_Type,-1,-1,Roads\east_thrace,Route_Type,-1,-1,Roads\amanda_30-08-23_moesia_inferior,Route_Type,-1,-1,Roads\moesia_superior_jens,Route_Type,-1,-1,Roads\macedonia,Route_Type,-1,-1,Roads\epirus,Route_Type,-1,-1,Roads\achaea,Route_Type,-1,-1,Roads\tingitana,Route_Type,-1,-1,Roads\africa_proconsularis_jens_21082023,Route_Type,-1,-1,Roads\mauretania_jens_21082023,Route_Type,-1,-1,Roads\asia,Route_Type,-1,-1,Roads\lycia_pamphylia_jens_15092023,Route_Type,-1,-1,Roads\cilicia_jens_15092023,Route_Type,-1,-1,Roads\cyprus_islands,Route_Type,-1,-1,Roads\north_africa,Route_type,-1,-1,Roads\egypt_jens_14092023,Route_Type,-1,-1,Roads\southern_levant,Route_Type,-1,-1,Roads\northern_levant,Route_Type,-1,-1;Type "Type" true true false 50 Text 0 0,First,#,Viator-e\italia,Type,0,50,Viator-e\noricum_raetia_dalmatia,Type,0,50,Viator-e\hispania_02112023,Type,0,50,Roads\amanda_30-10-23_britain,Type,0,50,Roads\gallia_germania,Type,0,50,Roads\sardinia,Type,0,50,Roads\amanda_24-09-23_galatia,Type,0,50,Roads\amanda_24_09_23_pontus_2,Type,0,50,Roads\amanda_21_09_23_weissova_bithynia,Type,0,50,Roads\cappadocia_jens_21092023,Type,0,50,Roads\amanda_18-09-23_pannonia,Type,0,50,Roads\dacia,Type,0,50,Roads\east_thrace,Type,0,50,Roads\amanda_30-08-23_moesia_inferior,Type,0,50,Roads\moesia_superior_jens,Type,0,50,Roads\macedonia,Type,0,50,Roads\epirus,Type,0,50,Roads\achaea,Type,0,50,Roads\tingitana,Type,0,100,Roads\africa_proconsularis_jens_21082023,Type,0,50,Roads\mauretania_jens_21082023,Type,0,50,Roads\asia,Type,0,50,Roads\lycia_pamphylia_jens_15092023,Type,0,50,Roads\cilicia_jens_15092023,Type,0,50,Roads\cyprus_islands,Type,0,50,Roads\north_africa,Type,0,50,Roads\egypt_jens_14092023,Type,0,50,Roads\southern_levant,Type,0,50,Roads\northern_levant,Type,0,50;Lower_Date "Lower_Date" true true false 19 Double 0 0,First,#,Viator-e\italia,Lower_Date,-1,-1,Viator-e\noricum_raetia_dalmatia,Lower_Date,-1,-1,Viator-e\hispania_02112023,Lower_Date,-1,-1,Roads\amanda_30-10-23_britain,Lower_Date,-1,-1,Roads\gallia_germania,Lower_Date,-1,-1,Roads\sardinia,Lower_Date,-1,-1,Roads\amanda_24-09-23_galatia,Lower_Date,-1,-1,Roads\amanda_24_09_23_pontus_2,Lower_Date,-1,-1,Roads\amanda_21_09_23_weissova_bithynia,Lower_Date,-1,-1,Roads\cappadocia_jens_21092023,Lower_Date,-1,-1,Roads\amanda_18-09-23_pannonia,Lower_Date,-1,-1,Roads\dacia,Lower_Date,-1,-1,Roads\east_thrace,Lower_Date,-1,-1,Roads\amanda_30-08-23_moesia_inferior,Lower_Date,-1,-1,Roads\moesia_superior_jens,Lower_Date,-1,-1,Roads\macedonia,Lower_Date,-1,-1,Roads\epirus,Lower_Date,-1,-1,Roads\achaea,Lower_Date,-1,-1,Roads\tingitana,Lower_Date,-1,-1,Roads\africa_proconsularis_jens_21082023,Lower_Date,-1,-1,Roads\mauretania_jens_21082023,Lower_Date,-1,-1,Roads\asia,Lower_Date,-1,-1,Roads\lycia_pamphylia_jens_15092023,Lower_Date,-1,-1,Roads\cilicia_jens_15092023,Lower_Date,-1,-1,Roads\cyprus_islands,Lower_Date,-1,-1,Roads\north_africa,Lower_Date,-1,-1,Roads\egypt_jens_14092023,Lower_Date,-1,-1,Roads\southern_levant,Lower_Date,-1,-1,Roads\northern_levant,Lower_Date,-1,-1;Low_Date_E "Low_Date_E" true true false 10 Long 0 10,First,#,Viator-e\italia,Low_Date_E,-1,-1,Viator-e\noricum_raetia_dalmatia,Low_Date_E,-1,-1,Viator-e\hispania_02112023,Low_Date_E,-1,-1,Roads\amanda_30-10-23_britain,Low_Date_E,-1,-1,Roads\gallia_germania,Low_Date_E,-1,-1,Roads\sardinia,Low_Date_E,-1,-1,Roads\amanda_24-09-23_galatia,Low_Date_E,-1,-1,Roads\amanda_24_09_23_pontus_2,Low_Date_E,-1,-1,Roads\amanda_21_09_23_weissova_bithynia,Low_Date_E,-1,-1,Roads\cappadocia_jens_21092023,Low_Date_E,-1,-1,Roads\amanda_18-09-23_pannonia,Low_Date_E,-1,-1,Roads\dacia,Low_Date_E,-1,-1,Roads\east_thrace,Low_Date_E,-1,-1,Roads\amanda_30-08-23_moesia_inferior,Low_Date_E,-1,-1,Roads\moesia_superior_jens,Low_Date_E,-1,-1,Roads\macedonia,Low_Date_E,-1,-1,Roads\epirus,Low_Date_E,-1,-1,Roads\achaea,Low_Date_E,-1,-1,Roads\tingitana,Low_Date_E,-1,-1,Roads\africa_proconsularis_jens_21082023,Low_Date_E,-1,-1,Roads\mauretania_jens_21082023,Low_Date_E,-1,-1,Roads\asia,Low_Date_E,-1,-1,Roads\lycia_pamphylia_jens_15092023,Low_Date_E,-1,-1,Roads\cilicia_jens_15092023,Low_Date_E,-1,-1,Roads\cyprus_islands,Low_Date_E,-1,-1,Roads\north_africa,Low_Date_E,-1,-1,Roads\egypt_jens_14092023,Low_Date_E,-1,-1,Roads\southern_levant,Low_Date_E,-1,-1,Roads\northern_levant,Low_Date_E,-1,-1;Upper_Date "Upper_Date" true true false 19 Double 0 0,First,#,Viator-e\italia,Upper_Date,-1,-1,Viator-e\noricum_raetia_dalmatia,Upper_Date,-1,-1,Viator-e\hispania_02112023,Upper_Date,-1,-1,Roads\amanda_30-10-23_britain,Upper_Date,-1,-1,Roads\gallia_germania,Upper_Date,-1,-1,Roads\sardinia,Upper_Date,-1,-1,Roads\amanda_24-09-23_galatia,Upper_Date,-1,-1,Roads\amanda_24_09_23_pontus_2,Upper_Date,-1,-1,Roads\amanda_21_09_23_weissova_bithynia,Upper_Date,-1,-1,Roads\cappadocia_jens_21092023,Upper_Date,-1,-1,Roads\amanda_18-09-23_pannonia,Upper_Date,-1,-1,Roads\dacia,Upper_Date,-1,-1,Roads\east_thrace,Upper_Date,-1,-1,Roads\amanda_30-08-23_moesia_inferior,Upper_Date,-1,-1,Roads\moesia_superior_jens,Upper_Date,-1,-1,Roads\macedonia,Upper_Date,-1,-1,Roads\epirus,Upper_Date,-1,-1,Roads\achaea,Upper_Date,-1,-1,Roads\tingitana,Upper_Date,-1,-1,Roads\africa_proconsularis_jens_21082023,Upper_Date,-1,-1,Roads\mauretania_jens_21082023,Upper_Date,-1,-1,Roads\asia,Upper_Date,-1,-1,Roads\lycia_pamphylia_jens_15092023,Upper_Date,-1,-1,Roads\cilicia_jens_15092023,Upper_Date,-1,-1,Roads\cyprus_islands,Upper_Date,-1,-1,Roads\north_africa,Upper_Date,-1,-1,Roads\egypt_jens_14092023,Upper_Date,-1,-1,Roads\southern_levant,Upper_Date,-1,-1,Roads\northern_levant,Upper_Date,-1,-1;Up_Date_E "Up_Date_E" true true false 10 Long 0 10,First,#,Viator-e\italia,Up_Date_E,-1,-1,Viator-e\noricum_raetia_dalmatia,Up_Date_E,-1,-1,Viator-e\hispania_02112023,Up_Date_E,-1,-1,Roads\amanda_30-10-23_britain,Up_Date_E,-1,-1,Roads\gallia_germania,Up_Date_E,-1,-1,Roads\sardinia,Up_Date_E,-1,-1,Roads\amanda_24-09-23_galatia,Up_Date_E,-1,-1,Roads\amanda_24_09_23_pontus_2,Up_Date_E,-1,-1,Roads\amanda_21_09_23_weissova_bithynia,Up_Date_E,-1,-1,Roads\cappadocia_jens_21092023,Up_Date_E,-1,-1,Roads\amanda_18-09-23_pannonia,Up_Date_E,-1,-1,Roads\dacia,Up_Date_E,-1,-1,Roads\east_thrace,Up_Date_E,-1,-1,Roads\amanda_30-08-23_moesia_inferior,Up_Date_E,-1,-1,Roads\moesia_superior_jens,Up_Date_E,-1,-1,Roads\macedonia,Up_Date_E,-1,-1,Roads\epirus,Up_Date_E,-1,-1,Roads\achaea,Up_Date_E,-1,-1,Roads\tingitana,Up_Date_E,-1,-1,Roads\africa_proconsularis_jens_21082023,Up_Date_E,-1,-1,Roads\mauretania_jens_21082023,Up_Date_E,-1,-1,Roads\asia,Up_Date_E,-1,-1,Roads\lycia_pamphylia_jens_15092023,Up_Date_E,-1,-1,Roads\cilicia_jens_15092023,Up_Date_E,-1,-1,Roads\cyprus_islands,Up_Date_E,-1,-1,Roads\north_africa,Up_Date_E,-1,-1,Roads\egypt_jens_14092023,Up_Date_E,-1,-1,Roads\southern_levant,Up_Date_E,-1,-1,Roads\northern_levant,Up_Date_E,-1,-1;Descriptio "Descriptio" true true false 254 Text 0 0,First,#,Viator-e\italia,Descriptio,0,254,Viator-e\noricum_raetia_dalmatia,Descriptio,0,254,Viator-e\hispania_02112023,Descriptio,0,254,Roads\amanda_30-10-23_britain,Descriptio,0,254,Roads\gallia_germania,Descriptio,0,254,Roads\sardinia,Descriptio,0,254,Roads\amanda_24-09-23_galatia,Descriptio,0,254,Roads\amanda_24_09_23_pontus_2,Descriptio,0,254,Roads\amanda_21_09_23_weissova_bithynia,Descriptio,0,254,Roads\cappadocia_jens_21092023,Descriptio,0,254,Roads\amanda_18-09-23_pannonia,Descriptio,0,254,Roads\dacia,Descriptio,0,254,Roads\east_thrace,Descriptio,0,254,Roads\amanda_30-08-23_moesia_inferior,Descriptio,0,254,Roads\moesia_superior_jens,Descriptio,0,254,Roads\macedonia,Descriptio,0,254,Roads\epirus,Descriptio,0,254,Roads\achaea,Descriptio,0,254,Roads\tingitana,Descriptio,0,100,Roads\africa_proconsularis_jens_21082023,Descriptio,0,254,Roads\mauretania_jens_21082023,Descriptio,0,254,Roads\asia,Descriptio,0,254,Roads\lycia_pamphylia_jens_15092023,Descriptio,0,254,Roads\cilicia_jens_15092023,Descriptio,0,254,Roads\cyprus_islands,Descriptio,0,254,Roads\north_africa,Descriptio,0,254,Roads\egypt_jens_14092023,Descriptio,0,254,Roads\southern_levant,Descriptio,0,254,Roads\northern_levant,Descriptio,0,254;Citation "Citation" true true false 254 Text 0 0,First,#,Viator-e\italia,Citation,0,254,Viator-e\noricum_raetia_dalmatia,Citation,0,254,Viator-e\hispania_02112023,Citation,0,254,Roads\amanda_30-10-23_britain,Citation,0,254,Roads\gallia_germania,Citation,0,254,Roads\sardinia,Citation,0,254,Roads\amanda_24-09-23_galatia,Citation,0,254,Roads\amanda_24_09_23_pontus_2,Citation,0,254,Roads\amanda_21_09_23_weissova_bithynia,Citation,0,254,Roads\cappadocia_jens_21092023,Citation,0,254,Roads\amanda_18-09-23_pannonia,Citation,0,254,Roads\dacia,Citation,0,254,Roads\east_thrace,Citation,0,254,Roads\amanda_30-08-23_moesia_inferior,Citation,0,254,Roads\moesia_superior_jens,Citation,0,254,Roads\macedonia,Citation,0,254,Roads\epirus,Citation,0,254,Roads\achaea,Citation,0,254,Roads\tingitana,Citation,0,100,Roads\africa_proconsularis_jens_21082023,Citation,0,254,Roads\mauretania_jens_21082023,Citation,0,254,Roads\asia,Citation,0,254,Roads\lycia_pamphylia_jens_15092023,Citation,0,254,Roads\cilicia_jens_15092023,Citation,0,254,Roads\cyprus_islands,Citation,0,254,Roads\north_africa,Citation,0,254,Roads\egypt_jens_14092023,Citation,0,254,Roads\southern_levant,Citation,0,254,Roads\northern_levant,Citation,0,254;Bibliograp "Bibliograp" true true false 254 Text 0 0,First,#,Viator-e\italia,Bibliograp,0,254,Viator-e\noricum_raetia_dalmatia,Bibliograp,0,254,Viator-e\hispania_02112023,Bibliograp,0,254,Roads\amanda_30-10-23_britain,Bibliograp,0,254,Roads\gallia_germania,Bibliograp,0,254,Roads\sardinia,Bibliograp,0,254,Roads\amanda_24-09-23_galatia,Bibliograp,0,254,Roads\amanda_24_09_23_pontus_2,Bibliograp,0,254,Roads\amanda_21_09_23_weissova_bithynia,Bibliograp,0,254,Roads\cappadocia_jens_21092023,Bibliograp,0,254,Roads\amanda_18-09-23_pannonia,Bibliograp,0,254,Roads\dacia,Bibliograp,0,254,Roads\east_thrace,Bibliograp,0,254,Roads\amanda_30-08-23_moesia_inferior,Bibliograp,0,254,Roads\moesia_superior_jens,Bibliograp,0,254,Roads\macedonia,Bibliograp,0,254,Roads\epirus,Bibliograp,0,254,Roads\achaea,Bibliograp,0,254,Roads\tingitana,Bibliograp,0,100,Roads\africa_proconsularis_jens_21082023,Bibliograp,0,254,Roads\mauretania_jens_21082023,Bibliograp,0,254,Roads\asia,Bibliograp,0,254,Roads\lycia_pamphylia_jens_15092023,Bibliograp,0,254,Roads\cilicia_jens_15092023,Bibliograp,0,254,Roads\cyprus_islands,Bibliograp,0,254,Roads\north_africa,Bibliograp,0,254,Roads\egypt_jens_14092023,Bibliograp,0,254,Roads\southern_levant,Bibliograp,0,254,Roads\northern_levant,Bibliograp,0,254;Shape_Leng "Shape_Leng" true true false 19 Double 0 0,First,#,Viator-e\italia,Shape_Leng,-1,-1,Viator-e\noricum_raetia_dalmatia,Shape_Leng,-1,-1,Viator-e\hispania_02112023,Shape_Leng,-1,-1,Roads\amanda_30-10-23_britain,Shape_Leng,-1,-1,Roads\gallia_germania,Shape_Leng,-1,-1,Roads\sardinia,Shape_Leng,-1,-1,Roads\amanda_24-09-23_galatia,Shape_Leng,-1,-1,Roads\amanda_24_09_23_pontus_2,Shape_Leng,-1,-1,Roads\amanda_21_09_23_weissova_bithynia,Shape_Leng,-1,-1,Roads\cappadocia_jens_21092023,Shape_Leng,-1,-1,Roads\amanda_18-09-23_pannonia,Shape_Leng,-1,-1,Roads\dacia,Shape_Leng,-1,-1,Roads\east_thrace,Shape_Leng,-1,-1,Roads\amanda_30-08-23_moesia_inferior,Shape_Leng,-1,-1,Roads\moesia_superior_jens,Shape_Leng,-1,-1,Roads\macedonia,Shape_Leng,-1,-1,Roads\epirus,Shape_Leng,-1,-1,Roads\achaea,Shape_Leng,-1,-1,Roads\tingitana,Shape_Leng,-1,-1,Roads\africa_proconsularis_jens_21082023,Shape_Leng,-1,-1,Roads\mauretania_jens_21082023,Shape_Leng,-1,-1,Roads\asia,Shape_Leng,-1,-1,Roads\lycia_pamphylia_jens_15092023,Shape_Leng,-1,-1,Roads\cilicia_jens_15092023,Shape_Leng,-1,-1,Roads\cyprus_islands,Shape_Leng,-1,-1,Roads\egypt_jens_14092023,Shape_Leng,-1,-1,Roads\southern_levant,Shape_Leng,-1,-1,Roads\northern_levant,Shape_Leng,-1,-1;Cons_per_e "Cons_per_e" true true false 254 Text 0 0,First,#,Viator-e\italia,Cons_per_e,0,254,Viator-e\noricum_raetia_dalmatia,Cons_per_e,0,254,Viator-e\hispania_02112023,Cons_per_e,0,254,Roads\amanda_30-10-23_britain,Cons_per_e,0,254,Roads\gallia_germania,Cons_per_e,0,254,Roads\sardinia,Cons_per_e,0,254,Roads\amanda_24-09-23_galatia,Cons_per_e,0,254,Roads\amanda_24_09_23_pontus_2,Cons_per_e,0,254,Roads\amanda_21_09_23_weissova_bithynia,Cons_per_e,0,254,Roads\cappadocia_jens_21092023,Cons_per_e,0,254,Roads\amanda_18-09-23_pannonia,Cons_per_e,0,254,Roads\dacia,Cons_per_e,0,254,Roads\east_thrace,Cons_per_e,0,254,Roads\amanda_30-08-23_moesia_inferior,Cons_per_e,0,254,Roads\moesia_superior_jens,Cons_per_e,0,254,Roads\macedonia,Cons_per_e,0,254,Roads\epirus,Cons_per_e,0,254,Roads\achaea,Cons_per_e,0,254,Roads\tingitana,Cons_per_e,0,100,Roads\africa_proconsularis_jens_21082023,Cons_per_e,0,254,Roads\mauretania_jens_21082023,Cons_per_e,0,254,Roads\asia,Cons_per_e,0,254,Roads\lycia_pamphylia_jens_15092023,Cons_per_e,0,254,Roads\cilicia_jens_15092023,Cons_per_e,0,254,Roads\cyprus_islands,Cons_per_e,0,254,Roads\north_africa,Cons_per_e,0,254,Roads\egypt_jens_14092023,Cons_per_e,0,254,Roads\southern_levant,Cons_per_e,0,254,Roads\northern_levant,Cons_per_e,0,254;Itinerary "Itinerary" true true false 254 Text 0 0,First,#,Viator-e\italia,Itinerary,0,254,Viator-e\noricum_raetia_dalmatia,Itinerary,0,254,Viator-e\hispania_02112023,Itinerary,0,254,Roads\amanda_30-10-23_britain,Itinerary,0,254,Roads\gallia_germania,Itinerary,0,254,Roads\sardinia,Itinerary,0,254,Roads\amanda_24-09-23_galatia,Itinerary,0,254,Roads\amanda_24_09_23_pontus_2,Itinerary,0,254,Roads\amanda_21_09_23_weissova_bithynia,Itinerary,0,254,Roads\cappadocia_jens_21092023,Itinerary,0,254,Roads\amanda_18-09-23_pannonia,Itinerary,0,254,Roads\dacia,Itinerary,0,254,Roads\east_thrace,Itinerary,0,254,Roads\amanda_30-08-23_moesia_inferior,Itinerary,0,254,Roads\moesia_superior_jens,Itinerary,0,254,Roads\macedonia,Itinerary,0,254,Roads\epirus,Itinerary,0,254,Roads\achaea,Itinerary,0,254,Roads\tingitana,Itinerary,0,100,Roads\africa_proconsularis_jens_21082023,Itinerary,0,254,Roads\mauretania_jens_21082023,Itinerary,0,254,Roads\asia,Itinerary,0,254,Roads\lycia_pamphylia_jens_15092023,Itinerary,0,254,Roads\cilicia_jens_15092023,Itinerary,0,254,Roads\cyprus_islands,Itinerary,0,254,Roads\north_africa,Itinerary,0,254,Roads\egypt_jens_14092023,Itinerary,0,254,Roads\southern_levant,Itinerary,0,254,Roads\northern_levant,Itinerary,0,254;Segment_s "Segment_s" true true false 254 Text 0 0,First,#,Viator-e\italia,Segment_s,0,254,Viator-e\noricum_raetia_dalmatia,Segment_s,0,254,Viator-e\hispania_02112023,Segment_s,0,254,Roads\amanda_30-10-23_britain,Segment_s,0,254,Roads\gallia_germania,Segment_s,0,254,Roads\sardinia,Segment_s,0,254,Roads\amanda_24-09-23_galatia,Segment_s,0,254,Roads\amanda_24_09_23_pontus_2,Segment_s,0,254,Roads\amanda_21_09_23_weissova_bithynia,Segment_s,0,254,Roads\cappadocia_jens_21092023,Segment_s,0,254,Roads\amanda_18-09-23_pannonia,Segment_s,0,254,Roads\dacia,Segment_s,0,254,Roads\east_thrace,Segment_s,0,254,Roads\amanda_30-08-23_moesia_inferior,Segment_s,0,254,Roads\moesia_superior_jens,Segment_s,0,254,Roads\macedonia,Segment_s,0,254,Roads\epirus,Segment_s,0,254,Roads\achaea,Segment_s,0,254,Roads\tingitana,Segment_s,0,100,Roads\africa_proconsularis_jens_21082023,Segment_s,0,254,Roads\mauretania_jens_21082023,Segment_s,0,254,Roads\asia,Segment_s,0,254,Roads\lycia_pamphylia_jens_15092023,Segment_s,0,254,Roads\cilicia_jens_15092023,Segment_s,0,254,Roads\cyprus_islands,Segment_s,0,254,Roads\north_africa,Segment_s,0,254,Roads\egypt_jens_14092023,Segment_s,0,254,Roads\southern_levant,Segment_s,0,254,Roads\northern_levant,Segment_s,0,254;Shape_Le_1 "Shape_Le_1" true true false 19 Double 0 0,First,#,Viator-e\italia,Shape_Le_1,-1,-1,Viator-e\noricum_raetia_dalmatia,Shape_Le_1,-1,-1,Viator-e\hispania_02112023,Shape_Le_1,-1,-1,Roads\gallia_germania,Shape_Le_1,-1,-1;GeoJson "GeoJson" true true false 50 Text 0 0,First,#,Viator-e\italia,GeoJson,0,50,Viator-e\noricum_raetia_dalmatia,GeoJson,0,50,Viator-e\hispania_02112023,GeoJson,0,50,Roads\amanda_30-10-23_britain,GeoJson,0,50,Roads\gallia_germania,GeoJson,0,50,Roads\sardinia,GeoJson,0,50,Roads\amanda_24-09-23_galatia,GeoJson,0,50,Roads\amanda_24_09_23_pontus_2,GeoJson,0,50,Roads\amanda_21_09_23_weissova_bithynia,GeoJson,0,50,Roads\cappadocia_jens_21092023,GeoJson,0,50,Roads\amanda_18-09-23_pannonia,GeoJson,0,50,Roads\dacia,GeoJson,0,50,Roads\east_thrace,GeoJson,0,50,Roads\amanda_30-08-23_moesia_inferior,GeoJson,0,50,Roads\moesia_superior_jens,GeoJson,0,50,Roads\macedonia,GeoJson,0,50,Roads\epirus,GeoJson,0,50,Roads\achaea,GeoJson,0,50,Roads\tingitana,GeoJson,0,100,Roads\africa_proconsularis_jens_21082023,GeoJson,0,50,Roads\mauretania_jens_21082023,GeoJson,0,50,Roads\asia,GeoJson,0,50,Roads\lycia_pamphylia_jens_15092023,GeoJson,0,50,Roads\cilicia_jens_15092023,GeoJson,0,50,Roads\cyprus_islands,GeoJson,0,50,Roads\north_africa,GeoJson,0,50,Roads\egypt_jens_14092023,GeoJson,0,50,Roads\southern_levant,GeoJson,0,50,Roads\northern_levant,GeoJson,0,50;Shape_Le_2 "Shape_Le_2" true true false 19 Double 0 0,First,#,Viator-e\italia,Shape_Le_2,-1,-1,Viator-e\noricum_raetia_dalmatia,Shape_Le_2,-1,-1,Viator-e\hispania_02112023,Shape_Le_2,-1,-1,Roads\gallia_germania,Shape_Le_2,-1,-1;Source "Source" true true false 80 Text 0 0,First,#,Roads\amanda_30-10-23_britain,Source,0,80;Length "Length" true true false 19 Double 15 18,First,#,Roads\amanda_30-10-23_britain,Length,-1,-1;Notes "Notes" true true false 80 Text 0 0,First,#,Roads\amanda_30-10-23_britain,Notes,0,80" NO_SOURCE_INFO</Process><Process ToolSource="c:\program files\arcgis\pro\Resources\ArcToolbox\toolboxes\Data Management Tools.tbx\SplitLineAtPoint" Date="20231108" Time="083216">SplitLineAtPoint road_merge_08112023 road_merge_intersect "C:\Users\au701316\OneDrive - Aarhus Universitet\Documents\GIS data\Road_files\road_merge_all\road_merge_split_08112023.shp" "50 Meters"</Process><Process ToolSource="c:\program files\arcgis\pro\Resources\ArcToolbox\toolboxes\Cartography Tools.tbx\SimplifyLine" Date="20231108" Time="103009">SimplifyLine roads\road_merge_split_08112023 "C:\Users\au701316\OneDrive - Aarhus Universitet\Documents\GIS data\Article2_analyses\road_data\road_merge_simplify\road_merge_simplify_1.shp" "Retain critical points (Douglas-Peucker)" "5000 Meters" FLAG_ERRORS NO_KEEP NO_CHECK # "Do not check for topological errors"</Process></lineage></DataProperties><SyncDate>20231108</SyncDate><SyncTime>10300800</SyncTime><ModDate>20231108</ModDate><ModTime>10300800</ModTime></Esri><dataIdInfo><envirDesc Sync="TRUE">Microsoft Windows 10 Version 10.0 (Build 19045) ; Esri ArcGIS 13.1.0.41833</envirDesc><dataLang><languageCode value="dan" Sync="TRUE"></languageCode><countryCode value="DNK" Sync="TRUE"></countryCode></dataLang><idCitation><resTitle Sync="TRUE">road_merge_simplify_1</resTitle><presForm><PresFormCd value="005" Sync="TRUE"></PresFormCd></presForm></idCitation><spatRpType><SpatRepTypCd value="001" Sync="TRUE"></SpatRepTypCd></spatRpType></dataIdInfo><mdLang><languageCode value="dan" Sync="TRUE"></languageCode><countryCode value="DNK" Sync="TRUE"></countryCode></mdLang><distInfo><distFormat><formatName Sync="TRUE">Shapefile</formatName></distFormat><distTranOps><transSize Sync="TRUE">0.000</transSize></distTranOps></distInfo><mdHrLv><ScopeCd value="005" Sync="TRUE"></ScopeCd></mdHrLv><mdHrLvName Sync="TRUE">dataset</mdHrLvName><refSysInfo><RefSystem><refSysID><identCode code="3395" Sync="TRUE"></identCode><idCodeSpace Sync="TRUE">EPSG</idCodeSpace><idVersion Sync="TRUE">9.8.8(9.3.0.0)</idVersion></refSysID></RefSystem></refSysInfo><spatRepInfo><VectSpatRep><geometObjs Name="road_merge_simplify_1"><geoObjTyp><GeoObjTypCd value="002" Sync="TRUE"></GeoObjTypCd></geoObjTyp><geoObjCnt Sync="TRUE">0</geoObjCnt></geometObjs><topLvl><TopoLevCd value="001" Sync="TRUE"></TopoLevCd></topLvl></VectSpatRep></spatRepInfo><spdoinfo><ptvctinf><esriterm Name="road_merge_simplify_1"><efeatyp Sync="TRUE">Simple</efeatyp><efeageom code="3" Sync="TRUE"></efeageom><esritopo Sync="TRUE">FALSE</esritopo><efeacnt Sync="TRUE">0</efeacnt><spindex Sync="TRUE">FALSE</spindex><linrefer Sync="TRUE">FALSE</linrefer></esriterm></ptvctinf></spdoinfo><eainfo><detailed Name="road_merge_simplify_1"><enttyp><enttypl Sync="TRUE">road_merge_simplify_1</enttypl><enttypt Sync="TRUE">Feature Class</enttypt><enttypc Sync="TRUE">0</enttypc></enttyp><attr><attrlabl Sync="TRUE">FID</attrlabl><attalias Sync="TRUE">FID</attalias><attrtype Sync="TRUE">OID</attrtype><attwidth Sync="TRUE">4</attwidth><atprecis Sync="TRUE">0</atprecis><attscale Sync="TRUE">0</attscale><attrdef Sync="TRUE">Internal feature number.</attrdef><attrdefs Sync="TRUE">Esri</attrdefs><attrdomv><udom Sync="TRUE">Sequential unique whole numbers that are automatically generated.</udom></attrdomv></attr><attr><attrlabl Sync="TRUE">OBJECTID</attrlabl><attalias Sync="TRUE">OBJECTID</attalias><attrtype Sync="TRUE">Integer</attrtype><attwidth Sync="TRUE">10</attwidth><atprecis Sync="TRUE">10</atprecis><attscale Sync="TRUE">0</attscale><attrdef Sync="TRUE">Internal feature number.</attrdef><attrdefs Sync="TRUE">Esri</attrdefs><attrdomv><udom Sync="TRUE">Sequential unique whole numbers that are automatically generated.</udom></attrdomv></attr><attr><attrlabl Sync="TRUE">Shape</attrlabl><attalias Sync="TRUE">Shape</attalias><attrtype Sync="TRUE">Geometry</attrtype><attwidth Sync="TRUE">0</attwidth><atprecis Sync="TRUE">0</atprecis><attscale Sync="TRUE">0</attscale><attrdef Sync="TRUE">Feature geometry.</attrdef><attrdefs Sync="TRUE">Esri</attrdefs><attrdomv><udom Sync="TRUE">Coordinates defining the features.</udom></attrdomv></attr><attr><attrlabl Sync="TRUE">Id</attrlabl><attalias Sync="TRUE">Id</attalias><attrtype Sync="TRUE">Integer</attrtype><attwidth Sync="TRUE">10</attwidth><atprecis Sync="TRUE">10</atprecis><attscale Sync="TRUE">0</attscale></attr><attr><attrlabl Sync="TRUE">Name</attrlabl><attalias Sync="TRUE">Name</attalias><attrtype Sync="TRUE">String</attrtype><attwidth Sync="TRUE">50</attwidth><atprecis Sync="TRUE">0</atprecis><attscale Sync="TRUE">0</attscale></attr><attr><attrlabl Sync="TRUE">Route_Type</attrlabl><attalias Sync="TRUE">Route_Type</attalias><attrtype Sync="TRUE">Integer</attrtype><attwidth Sync="TRUE">10</attwidth><atprecis Sync="TRUE">10</atprecis><attscale Sync="TRUE">0</attscale></attr><attr><attrlabl Sync="TRUE">Type</attrlabl><attalias Sync="TRUE">Type</attalias><attrtype Sync="TRUE">String</attrtype><attwidth Sync="TRUE">50</attwidth><atprecis Sync="TRUE">0</atprecis><attscale Sync="TRUE">0</attscale></attr><attr><attrlabl Sync="TRUE">Lower_Date</attrlabl><attalias Sync="TRUE">Lower_Date</attalias><attrtype Sync="TRUE">Double</attrtype><attwidth Sync="TRUE">19</attwidth><atprecis Sync="TRUE">0</atprecis><attscale Sync="TRUE">0</attscale></attr><attr><attrlabl Sync="TRUE">Low_Date_E</attrlabl><attalias Sync="TRUE">Low_Date_E</attalias><attrtype Sync="TRUE">Integer</attrtype><attwidth Sync="TRUE">10</attwidth><atprecis Sync="TRUE">10</atprecis><attscale Sync="TRUE">0</attscale></attr><attr><attrlabl Sync="TRUE">Upper_Date</attrlabl><attalias Sync="TRUE">Upper_Date</attalias><attrtype Sync="TRUE">Double</attrtype><attwidth Sync="TRUE">19</attwidth><atprecis Sync="TRUE">0</atprecis><attscale Sync="TRUE">0</attscale></attr><attr><attrlabl Sync="TRUE">Up_Date_E</attrlabl><attalias Sync="TRUE">Up_Date_E</attalias><attrtype Sync="TRUE">Integer</attrtype><attwidth Sync="TRUE">10</attwidth><atprecis Sync="TRUE">10</atprecis><attscale Sync="TRUE">0</attscale></attr><attr><attrlabl Sync="TRUE">GeoJson</attrlabl><attalias Sync="TRUE">GeoJson</attalias><attrtype Sync="TRUE">String</attrtype><attwidth Sync="TRUE">50</attwidth><atprecis Sync="TRUE">0</atprecis><attscale Sync="TRUE">0</attscale></attr><attr><attrlabl Sync="TRUE">Descriptio</attrlabl><attalias Sync="TRUE">Descriptio</attalias><attrtype Sync="TRUE">String</attrtype><attwidth Sync="TRUE">254</attwidth><atprecis Sync="TRUE">0</atprecis><attscale Sync="TRUE">0</attscale></attr><attr><attrlabl Sync="TRUE">Citation</attrlabl><attalias Sync="TRUE">Citation</attalias><attrtype Sync="TRUE">String</attrtype><attwidth Sync="TRUE">254</attwidth><atprecis Sync="TRUE">0</atprecis><attscale Sync="TRUE">0</attscale></attr><attr><attrlabl Sync="TRUE">Bibliograp</attrlabl><attalias Sync="TRUE">Bibliograp</attalias><attrtype Sync="TRUE">String</attrtype><attwidth Sync="TRUE">254</attwidth><atprecis Sync="TRUE">0</atprecis><attscale Sync="TRUE">0</attscale></attr><attr><attrlabl Sync="TRUE">Shape_Leng</attrlabl><attalias Sync="TRUE">Shape_Leng</attalias><attrtype Sync="TRUE">Double</attrtype><attwidth Sync="TRUE">19</attwidth><atprecis Sync="TRUE">0</atprecis><attscale Sync="TRUE">0</attscale></attr><attr><attrlabl Sync="TRUE">Cons_per_e</attrlabl><attalias Sync="TRUE">Cons_per_e</attalias><attrtype Sync="TRUE">String</attrtype><attwidth Sync="TRUE">254</attwidth><atprecis Sync="TRUE">0</atprecis><attscale Sync="TRUE">0</attscale></attr><attr><attrlabl Sync="TRUE">Itinerary</attrlabl><attalias Sync="TRUE">Itinerary</attalias><attrtype Sync="TRUE">String</attrtype><attwidth Sync="TRUE">254</attwidth><atprecis Sync="TRUE">0</atprecis><attscale Sync="TRUE">0</attscale></attr><attr><attrlabl Sync="TRUE">Segment_s</attrlabl><attalias Sync="TRUE">Segment_s</attalias><attrtype Sync="TRUE">String</attrtype><attwidth Sync="TRUE">254</attwidth><atprecis Sync="TRUE">0</atprecis><attscale Sync="TRUE">0</attscale></attr><attr><attrlabl Sync="TRUE">Shape_Le_1</attrlabl><attalias Sync="TRUE">Shape_Le_1</attalias><attrtype Sync="TRUE">Double</attrtype><attwidth Sync="TRUE">19</attwidth><atprecis Sync="TRUE">0</atprecis><attscale Sync="TRUE">0</attscale></attr><attr><attrlabl Sync="TRUE">Shape_Le_2</attrlabl><attalias Sync="TRUE">Shape_Le_2</attalias><attrtype Sync="TRUE">Double</attrtype><attwidth Sync="TRUE">19</attwidth><atprecis Sync="TRUE">0</atprecis><attscale Sync="TRUE">0</attscale></attr><attr><attrlabl Sync="TRUE">Source</attrlabl><attalias Sync="TRUE">Source</attalias><attrtype Sync="TRUE">String</attrtype><attwidth Sync="TRUE">80</attwidth><atprecis Sync="TRUE">0</atprecis><attscale Sync="TRUE">0</attscale></attr><attr><attrlabl Sync="TRUE">Length</attrlabl><attalias Sync="TRUE">Length</attalias><attrtype Sync="TRUE">Double</attrtype><attwidth Sync="TRUE">19</attwidth><atprecis Sync="TRUE">18</atprecis><attscale Sync="TRUE">15</attscale></attr><attr><attrlabl Sync="TRUE">Notes</attrlabl><attalias Sync="TRUE">Notes</attalias><attrtype Sync="TRUE">String</attrtype><attwidth Sync="TRUE">80</attwidth><atprecis Sync="TRUE">0</atprecis><attscale Sync="TRUE">0</attscale></attr><attr><attrlabl Sync="TRUE">ORIG_FID</attrlabl><attalias Sync="TRUE">ORIG_FID</attalias><attrtype Sync="TRUE">Integer</attrtype><attwidth Sync="TRUE">10</attwidth><atprecis Sync="TRUE">10</atprecis><attscale Sync="TRUE">0</attscale></attr><attr><attrlabl Sync="TRUE">ORIG_SEQ</attrlabl><attalias Sync="TRUE">ORIG_SEQ</attalias><attrtype Sync="TRUE">Integer</attrtype><attwidth Sync="TRUE">10</attwidth><atprecis Sync="TRUE">10</atprecis><attscale Sync="TRUE">0</attscale></attr></detailed></eainfo><mdDateSt Sync="TRUE">20231108</mdDateSt><mdChar><CharSetCd value="004" Sync="TRUE"></CharSetCd></mdChar></metadata>
